<?xml version = '1.0' encoding = 'UTF-8'?>
<Diagram class="oracle.dbtools.crest.swingui.relational.DPVRelational" name="Relational_1" id="43E665F7-3141-6529-0532-23F2BE9B604D">
<createdBy>angel</createdBy>
<modifiedBy>angel</modifiedBy>
<createdTime>2025-09-16 01:31:50 UTC</createdTime>
<autoRoute>false</autoRoute>
<boxInbox>true</boxInbox>
<showLegend>false</showLegend>
<showLabels>false</showLabels>
<showRelAttributes>false</showRelAttributes>
<gridEnabled>false</gridEnabled>
<showGrid>false</showGrid>
<diagramColor>-1</diagramColor>
<display>false</display>
<notation>1</notation>
<objectViews>
<OView class="oracle.dbtools.crest.swingui.relational.TVTable" oid="10783675-939E-DAFE-7FD7-0DABB68DB910" otype="Table" vid="DBD771E4-B3AB-A27F-5436-542C7E0E4B9C">
<hideElementsInCurrentOnly>false</hideElementsInCurrentOnly>
<bounds x="500" y="683" width="170" height="110"/>
</OView>
<OView class="oracle.dbtools.crest.swingui.relational.TVTable" oid="46415F3C-0531-94F6-C324-EDACEE2F31D4" otype="Table" vid="113DB788-4A0E-87C5-9EBC-0839263ABF97">
<hideElementsInCurrentOnly>false</hideElementsInCurrentOnly>
<bounds x="829" y="622" width="432" height="230"/>
</OView>
<OView class="oracle.dbtools.crest.swingui.relational.TVTable" oid="6642BF01-DA25-C53F-FDAA-540348836512" otype="Table" vid="6BCD3251-E432-F589-764E-742BD25A549F">
<hideElementsInCurrentOnly>false</hideElementsInCurrentOnly>
<bounds x="1288" y="375" width="256" height="177"/>
</OView>
<OView class="oracle.dbtools.crest.swingui.relational.TVTable" oid="6E70BFD5-4862-958A-F70E-3EE354F2B46E" otype="Table" vid="6D3101B0-5329-0E5E-03A1-CF3DA6F43CC8">
<hideElementsInCurrentOnly>false</hideElementsInCurrentOnly>
<bounds x="1288" y="696" width="258" height="160"/>
</OView>
<OView class="oracle.dbtools.crest.swingui.relational.TVTable" oid="707B7CF2-FA82-FBD4-9562-327740893B7C" otype="Table" vid="D663CE96-E9C9-A214-6DBA-61D972CDD9CB">
<hideElementsInCurrentOnly>false</hideElementsInCurrentOnly>
<bounds x="1207" y="14" width="319" height="212"/>
</OView>
<OView class="oracle.dbtools.crest.swingui.relational.TVTable" oid="7E798ECE-B3C4-387E-54F2-CFABD27B2F32" otype="Table" vid="D361B738-C13A-7E81-DFE0-0FC6B99E52DF">
<hideElementsInCurrentOnly>false</hideElementsInCurrentOnly>
<bounds x="346" y="245" width="398" height="351"/>
</OView>
<OView class="oracle.dbtools.crest.swingui.relational.TVTable" oid="83FC3C6D-7BE5-F1F8-43DD-B422989E78BA" otype="Table" vid="21806C24-AAD7-76CF-5FC2-959D7D3C0575">
<hideElementsInCurrentOnly>false</hideElementsInCurrentOnly>
<bounds x="7" y="10" width="271" height="147"/>
</OView>
<OView class="oracle.dbtools.crest.swingui.relational.TVTable" oid="8BE177C4-A9F2-1E02-5E0B-672CD4B33BEB" otype="Table" vid="BEA7A4BE-2EC6-EA9C-A546-143E7220B292">
<hideElementsInCurrentOnly>false</hideElementsInCurrentOnly>
<bounds x="16" y="204" width="247" height="138"/>
</OView>
<OView class="oracle.dbtools.crest.swingui.relational.TVTable" oid="8D97FA81-14BC-6A76-3976-AC9B25B73D2C" otype="Table" vid="01F2DF2E-36F7-C36D-AF25-2962604E30E9">
<hideElementsInCurrentOnly>false</hideElementsInCurrentOnly>
<bounds x="12" y="393" width="275" height="149"/>
</OView>
<OView class="oracle.dbtools.crest.swingui.relational.TVTable" oid="A74B06DC-AF9E-B833-B9C7-A6EEEE1842FF" otype="Table" vid="25E1E178-76E4-821B-E7E3-102374E83ED1">
<hideElementsInCurrentOnly>false</hideElementsInCurrentOnly>
<bounds x="900" y="29" width="208" height="133"/>
</OView>
<OView class="oracle.dbtools.crest.swingui.relational.TVTable" oid="B9F6E0D2-2299-65BB-BB31-81B612343413" otype="Table" vid="D4FACBAF-7E83-8A80-6488-1FEE1158B85D">
<hideElementsInCurrentOnly>false</hideElementsInCurrentOnly>
<bounds x="817" y="275" width="408" height="296"/>
</OView>
<OView class="oracle.dbtools.crest.swingui.relational.TVTable" oid="C26CE660-E2FC-A996-F0DA-68BB5C364047" otype="Table" vid="E22000EF-9970-FA48-C074-B7FF4187DD4F">
<hideElementsInCurrentOnly>false</hideElementsInCurrentOnly>
<bounds x="46" y="584" width="232" height="156"/>
</OView>
<OView class="oracle.dbtools.crest.swingui.relational.TVTable" oid="D69658E3-E51A-8A94-6814-A61F3DB8FEA9" otype="Table" vid="EF8776DE-7C0E-2A14-3BA6-40AF4513E51E">
<hideElementsInCurrentOnly>false</hideElementsInCurrentOnly>
<bounds x="502" y="25" width="244" height="140"/>
</OView>
</objectViews>
<connectors>
<Connector class="oracle.dbtools.crest.swingui.relational.TVFKRelation" oid="27F14156-9A9F-AA7E-CCBA-07E6B77459FF" otype="FKIndexAssociation" vid_source="6D3101B0-5329-0E5E-03A1-CF3DA6F43CC8" vid_target="6BCD3251-E432-F589-764E-742BD25A549F">
<hideElementsInCurrentOnly>false</hideElementsInCurrentOnly>
<backgroundColor>-16777216</backgroundColor>
<lineWidth>1</lineWidth>
<points>
<point x="1431" y="696"/>
<point x="1431" y="552"/>
</points>
</Connector>
<Connector class="oracle.dbtools.crest.swingui.relational.TVFKRelation" oid="368AD853-BBDC-941E-5D80-D85E8B0506AB" otype="FKIndexAssociation" vid_source="BEA7A4BE-2EC6-EA9C-A546-143E7220B292" vid_target="D361B738-C13A-7E81-DFE0-0FC6B99E52DF">
<hideElementsInCurrentOnly>false</hideElementsInCurrentOnly>
<backgroundColor>-16777216</backgroundColor>
<lineWidth>1</lineWidth>
<points>
<point x="263" y="308"/>
<point x="346" y="308"/>
</points>
</Connector>
<Connector class="oracle.dbtools.crest.swingui.relational.TVFKRelation" oid="3D269BFC-1C93-F8B4-81FD-4425968D4326" otype="FKIndexAssociation" vid_source="EF8776DE-7C0E-2A14-3BA6-40AF4513E51E" vid_target="D361B738-C13A-7E81-DFE0-0FC6B99E52DF">
<hideElementsInCurrentOnly>false</hideElementsInCurrentOnly>
<backgroundColor>-16777216</backgroundColor>
<lineWidth>1</lineWidth>
<points>
<point x="653" y="165"/>
<point x="653" y="245"/>
</points>
</Connector>
<Connector class="oracle.dbtools.crest.swingui.relational.TVFKRelation" oid="501E5DC3-F195-F3B2-D10B-83B4E91E28B1" otype="FKIndexAssociation" vid_source="6BCD3251-E432-F589-764E-742BD25A549F" vid_target="D663CE96-E9C9-A214-6DBA-61D972CDD9CB">
<hideElementsInCurrentOnly>false</hideElementsInCurrentOnly>
<backgroundColor>-16777216</backgroundColor>
<lineWidth>1</lineWidth>
<points>
<point x="1422" y="375"/>
<point x="1422" y="226"/>
</points>
</Connector>
<Connector class="oracle.dbtools.crest.swingui.relational.TVFKRelation" oid="67E77B4E-3E34-5719-419A-EB07671E08CB" otype="FKIndexAssociation" vid_source="D4FACBAF-7E83-8A80-6488-1FEE1158B85D" vid_target="DBD771E4-B3AB-A27F-5436-542C7E0E4B9C">
<hideElementsInCurrentOnly>false</hideElementsInCurrentOnly>
<backgroundColor>-16777216</backgroundColor>
<lineWidth>1</lineWidth>
<points>
<point x="817" y="570"/>
<point x="661" y="683"/>
</points>
</Connector>
<Connector class="oracle.dbtools.crest.swingui.relational.TVFKRelation" oid="77D6046A-BCDE-D115-E5AA-074E09E64754" otype="FKIndexAssociation" vid_source="D4FACBAF-7E83-8A80-6488-1FEE1158B85D" vid_target="113DB788-4A0E-87C5-9EBC-0839263ABF97">
<hideElementsInCurrentOnly>false</hideElementsInCurrentOnly>
<backgroundColor>-16777216</backgroundColor>
<lineWidth>1</lineWidth>
<points>
<point x="1027" y="571"/>
<point x="1027" y="622"/>
</points>
</Connector>
<Connector class="oracle.dbtools.crest.swingui.relational.TVFKRelation" oid="82DC92A1-D94E-5873-0F46-3CC65FC1EB13" otype="FKIndexAssociation" vid_source="113DB788-4A0E-87C5-9EBC-0839263ABF97" vid_target="D4FACBAF-7E83-8A80-6488-1FEE1158B85D">
<hideElementsInCurrentOnly>false</hideElementsInCurrentOnly>
<backgroundColor>-16777216</backgroundColor>
<lineWidth>1</lineWidth>
<points>
<point x="1042" y="622"/>
<point x="1042" y="571"/>
</points>
</Connector>
<Connector class="oracle.dbtools.crest.swingui.relational.TVFKRelation" oid="8C9FF4CF-41B0-5A8F-F370-153AF0C3748D" otype="FKIndexAssociation" vid_source="D4FACBAF-7E83-8A80-6488-1FEE1158B85D" vid_target="113DB788-4A0E-87C5-9EBC-0839263ABF97">
<hideElementsInCurrentOnly>false</hideElementsInCurrentOnly>
<backgroundColor>-16777216</backgroundColor>
<lineWidth>1</lineWidth>
<points>
<point x="1057" y="571"/>
<point x="1057" y="622"/>
</points>
</Connector>
<Connector class="oracle.dbtools.crest.swingui.relational.TVFKRelation" oid="9F4CA0B3-4622-5DAB-C98E-F056EE609F33" otype="FKIndexAssociation" vid_source="21806C24-AAD7-76CF-5FC2-959D7D3C0575" vid_target="D361B738-C13A-7E81-DFE0-0FC6B99E52DF">
<hideElementsInCurrentOnly>false</hideElementsInCurrentOnly>
<backgroundColor>-16777216</backgroundColor>
<lineWidth>1</lineWidth>
<points>
<point x="230" y="157"/>
<point x="346" y="268"/>
</points>
</Connector>
<Connector class="oracle.dbtools.crest.swingui.relational.TVFKRelation" oid="A9802F1C-F97C-89E8-067D-38E9016B8ECE" otype="FKIndexAssociation" vid_source="113DB788-4A0E-87C5-9EBC-0839263ABF97" vid_target="D4FACBAF-7E83-8A80-6488-1FEE1158B85D">
<hideElementsInCurrentOnly>false</hideElementsInCurrentOnly>
<backgroundColor>-16777216</backgroundColor>
<lineWidth>1</lineWidth>
<points>
<point x="1012" y="622"/>
<point x="1012" y="571"/>
</points>
</Connector>
<Connector class="oracle.dbtools.crest.swingui.relational.TVFKRelation" oid="B48B5499-571B-D662-9478-5120A338AF73" otype="FKIndexAssociation" vid_source="25E1E178-76E4-821B-E7E3-102374E83ED1" vid_target="D361B738-C13A-7E81-DFE0-0FC6B99E52DF">
<hideElementsInCurrentOnly>false</hideElementsInCurrentOnly>
<backgroundColor>-16777216</backgroundColor>
<lineWidth>1</lineWidth>
<points>
<point x="910" y="162"/>
<point x="744" y="279"/>
</points>
</Connector>
<Connector class="oracle.dbtools.crest.swingui.relational.TVFKRelation" oid="BFA19576-8D10-368A-145A-0E1543AD6999" otype="FKIndexAssociation" vid_source="D663CE96-E9C9-A214-6DBA-61D972CDD9CB" vid_target="D4FACBAF-7E83-8A80-6488-1FEE1158B85D">
<hideElementsInCurrentOnly>false</hideElementsInCurrentOnly>
<backgroundColor>-16777216</backgroundColor>
<lineWidth>1</lineWidth>
<points>
<point x="1216" y="226"/>
<point x="1216" y="275"/>
</points>
</Connector>
<Connector class="oracle.dbtools.crest.swingui.relational.TVFKRelation" oid="CC8D2F4F-19C4-3656-0BFC-E42790ABDA0E" otype="FKIndexAssociation" vid_source="D361B738-C13A-7E81-DFE0-0FC6B99E52DF" vid_target="D4FACBAF-7E83-8A80-6488-1FEE1158B85D">
<hideElementsInCurrentOnly>false</hideElementsInCurrentOnly>
<backgroundColor>-16777216</backgroundColor>
<lineWidth>1</lineWidth>
<points>
<point x="744" y="423"/>
<point x="817" y="423"/>
</points>
</Connector>
<Connector class="oracle.dbtools.crest.swingui.relational.TVFKRelation" oid="D4A867A4-392F-82C8-C97E-601C77825AE7" otype="FKIndexAssociation" vid_source="D361B738-C13A-7E81-DFE0-0FC6B99E52DF" vid_target="D361B738-C13A-7E81-DFE0-0FC6B99E52DF">
<hideElementsInCurrentOnly>false</hideElementsInCurrentOnly>
<backgroundColor>-16777216</backgroundColor>
<lineWidth>1</lineWidth>
<points>
<point x="641" y="281"/>
<point x="641" y="353"/>
<point x="641" y="554"/>
<point x="446" y="554"/>
<point x="446" y="596"/>
</points>
</Connector>
<Connector class="oracle.dbtools.crest.swingui.relational.TVFKRelation" oid="D7261418-C01D-ECD4-9815-5E4B3696D225" otype="FKIndexAssociation" vid_source="E22000EF-9970-FA48-C074-B7FF4187DD4F" vid_target="DBD771E4-B3AB-A27F-5436-542C7E0E4B9C">
<hideElementsInCurrentOnly>false</hideElementsInCurrentOnly>
<backgroundColor>-16777216</backgroundColor>
<lineWidth>1</lineWidth>
<points>
<point x="278" y="711"/>
<point x="500" y="711"/>
</points>
</Connector>
<Connector class="oracle.dbtools.crest.swingui.relational.TVFKRelation" oid="F04CB383-2103-DCD3-CA9C-104ED521DFBF" otype="FKIndexAssociation" vid_source="D361B738-C13A-7E81-DFE0-0FC6B99E52DF" vid_target="01F2DF2E-36F7-C36D-AF25-2962604E30E9">
<hideElementsInCurrentOnly>false</hideElementsInCurrentOnly>
<backgroundColor>-16777216</backgroundColor>
<lineWidth>1</lineWidth>
<points>
<point x="346" y="467"/>
<point x="287" y="467"/>
</points>
</Connector>
<Connector class="oracle.dbtools.crest.swingui.relational.TVFKRelation" oid="F0E2A68C-C641-6E92-FAC2-F5C32F83378D" otype="FKIndexAssociation" vid_source="D361B738-C13A-7E81-DFE0-0FC6B99E52DF" vid_target="01F2DF2E-36F7-C36D-AF25-2962604E30E9">
<hideElementsInCurrentOnly>false</hideElementsInCurrentOnly>
<backgroundColor>-16777216</backgroundColor>
<lineWidth>1</lineWidth>
<points>
<point x="346" y="482"/>
<point x="287" y="482"/>
</points>
</Connector>
</connectors>
</Diagram>