<?xml version = '1.0' encoding = 'UTF-8'?>
<FKIndexAssociation class="oracle.dbtools.crest.model.design.relational.FKIndexAssociation" directorySegmentName="seg_0" id="27F14156-9A9F-AA7E-CCBA-07E6B77459FF" containerWithKeyObject="6642BF01-DA25-C53F-FDAA-540348836512" localFKIndex="F8A65B06-C8BB-485B-1D80-F830DA06F9F7" name="COMUNA_REGION_FK">
<createdBy>angel</createdBy>
<createdTime>2025-09-16 02:15:32 UTC</createdTime>
<generatorID>57FDDF06-9996-A589-2B94-CEED714E0B82</generatorID>
<ownerDesignName>base</ownerDesignName>
<referredTableLongName>REGION</referredTableLongName>
<deleteRule>NO ACTION</deleteRule>
<referredTableID>6E70BFD5-4862-958A-F70E-3EE354F2B46E</referredTableID>
<keyObject>B26EA0C2-BF72-6732-700D-ED209809A81F</keyObject>
<referredKeyID>B26EA0C2-BF72-6732-700D-ED209809A81F</referredKeyID>
<mandatory>true</mandatory>
<refColNames>Cod_Region</refColNames>
<transferable>true</transferable>
<rely>false</rely>
<columnDependencyConstraintGenerateInDDL>true</columnDependencyConstraintGenerateInDDL>
</FKIndexAssociation>