<?xml version = '1.0' encoding = 'UTF-8'?>
<FKIndexAssociation class="oracle.dbtools.crest.model.design.relational.FKIndexAssociation" directorySegmentName="seg_0" id="368AD853-BBDC-941E-5D80-D85E8B0506AB" containerWithKeyObject="7E798ECE-B3C4-387E-54F2-CFABD27B2F32" localFKIndex="3E4726E2-53E1-8750-8639-3E3A07900F35" name="MEDICO_UNIDAD_ATENCION_FK">
<createdBy>angel</createdBy>
<createdTime>2025-09-16 02:39:41 UTC</createdTime>
<generatorID>D0FA9E22-D12D-4695-8160-9928A37B5689</generatorID>
<ownerDesignName>base</ownerDesignName>
<referredTableLongName>UNIDAD_ATENCION</referredTableLongName>
<deleteRule>NO ACTION</deleteRule>
<referredTableID>8BE177C4-A9F2-1E02-5E0B-672CD4B33BEB</referredTableID>
<keyObject>0634DFD6-708B-6ED8-3F86-497682B7F1C1</keyObject>
<referredKeyID>0634DFD6-708B-6ED8-3F86-497682B7F1C1</referredKeyID>
<mandatory>true</mandatory>
<refColNames>Cod_Unidad</refColNames>
<transferable>true</transferable>
<rely>false</rely>
<columnDependencyConstraintGenerateInDDL>true</columnDependencyConstraintGenerateInDDL>
</FKIndexAssociation>