<?xml version = '1.0' encoding = 'UTF-8'?>
<FKIndexAssociation class="oracle.dbtools.crest.model.design.relational.FKIndexAssociation" directorySegmentName="seg_0" id="3D269BFC-1C93-F8B4-81FD-4425968D4326" containerWithKeyObject="7E798ECE-B3C4-387E-54F2-CFABD27B2F32" localFKIndex="7B5B5B30-2FAD-700A-4C64-F6BF2C74C206" name="MEDICO_ESPECIALIDAD_FK">
<createdBy>angel</createdBy>
<createdTime>2025-09-16 02:15:32 UTC</createdTime>
<generatorID>D5C67427-758E-D1FA-5280-120582C60032</generatorID>
<ownerDesignName>base</ownerDesignName>
<referredTableLongName>ESPECIALIDAD</referredTableLongName>
<deleteRule>NO ACTION</deleteRule>
<referredTableID>D69658E3-E51A-8A94-6814-A61F3DB8FEA9</referredTableID>
<keyObject>3A614BFE-D553-408D-3A0F-8FC97C4CD8F1</keyObject>
<referredKeyID>3A614BFE-D553-408D-3A0F-8FC97C4CD8F1</referredKeyID>
<mandatory>true</mandatory>
<refColNames>Cod_Especialidad</refColNames>
<transferable>true</transferable>
<rely>false</rely>
<columnDependencyConstraintGenerateInDDL>true</columnDependencyConstraintGenerateInDDL>
</FKIndexAssociation>