<?xml version = '1.0' encoding = 'UTF-8'?>
<FKIndexAssociation class="oracle.dbtools.crest.model.design.relational.FKIndexAssociation" directorySegmentName="seg_0" id="501E5DC3-F195-F3B2-D10B-83B4E91E28B1" containerWithKeyObject="707B7CF2-FA82-FBD4-9562-327740893B7C" localFKIndex="C98548F5-863E-F4C8-CBEF-ABD06ED97EAF" name="PACIENTE_COMUNA_FK">
<createdBy>angel</createdBy>
<createdTime>2025-09-16 02:15:32 UTC</createdTime>
<generatorID>E6E991FA-A6F3-1EFB-F872-BB31B75CE5E9</generatorID>
<ownerDesignName>base</ownerDesignName>
<referredTableLongName>COMUNA</referredTableLongName>
<deleteRule>NO ACTION</deleteRule>
<referredTableID>6642BF01-DA25-C53F-FDAA-540348836512</referredTableID>
<keyObject>49C570FC-C6ED-A2EC-BC41-7050B4CC8D4F</keyObject>
<referredKeyID>49C570FC-C6ED-A2EC-BC41-7050B4CC8D4F</referredKeyID>
<mandatory>true</mandatory>
<refColNames>Cod_Comuna</refColNames>
<transferable>true</transferable>
<rely>false</rely>
<columnDependencyConstraintGenerateInDDL>true</columnDependencyConstraintGenerateInDDL>
</FKIndexAssociation>