<?xml version = '1.0' encoding = 'UTF-8'?>
<FKIndexAssociation class="oracle.dbtools.crest.model.design.relational.FKIndexAssociation" directorySegmentName="seg_0" id="67E77B4E-3E34-5719-419A-EB07671E08CB" containerWithKeyObject="10783675-939E-DAFE-7FD7-0DABB68DB910" localFKIndex="50168E0F-3189-9B29-72E3-560DAF2BCDC5" name="SOLICITUD_EXAMEN_ATENCION_MEDICA_FK">
<createdBy>angel</createdBy>
<createdTime>2025-09-16 02:15:32 UTC</createdTime>
<generatorID>39FEE189-E245-5B9D-D330-071D34F26A9A</generatorID>
<ownerDesignName>base</ownerDesignName>
<referredTableLongName>ATENCION_MEDICA</referredTableLongName>
<deleteRule>NO ACTION</deleteRule>
<referredTableID>B9F6E0D2-2299-65BB-BB31-81B612343413</referredTableID>
<keyObject>660E0AFC-9302-D6E2-EAC9-652497C3867A</keyObject>
<referredKeyID>660E0AFC-9302-D6E2-EAC9-652497C3867A</referredKeyID>
<mandatory>true</mandatory>
<refColNames>Id_Atencion</refColNames>
<transferable>true</transferable>
<rely>false</rely>
<columnDependencyConstraintGenerateInDDL>true</columnDependencyConstraintGenerateInDDL>
</FKIndexAssociation>