<?xml version = '1.0' encoding = 'UTF-8'?>
<FKIndexAssociation class="oracle.dbtools.crest.model.design.relational.FKIndexAssociation" directorySegmentName="seg_0" id="77D6046A-BCDE-D115-E5AA-074E09E64754" containerWithKeyObject="46415F3C-0531-94F6-C324-EDACEE2F31D4" localFKIndex="587574AA-1EBF-0FA7-9D0C-4AF596404918" name="PAGO_ATENCION_ATENCION_MEDICA_FKv2">
<createdBy>angel</createdBy>
<createdTime>2025-09-16 02:39:41 UTC</createdTime>
<generatorID>48BCA9B3-612E-6EBF-C038-F7B9C60BB2FB</generatorID>
<ownerDesignName>base</ownerDesignName>
<referredTableLongName>ATENCION_MEDICA</referredTableLongName>
<deleteRule>NO ACTION</deleteRule>
<referredTableID>B9F6E0D2-2299-65BB-BB31-81B612343413</referredTableID>
<keyObject>660E0AFC-9302-D6E2-EAC9-652497C3867A</keyObject>
<referredKeyID>660E0AFC-9302-D6E2-EAC9-652497C3867A</referredKeyID>
<mandatory>true</mandatory>
<refColNames>Id_Atencion</refColNames>
<transferable>true</transferable>
<rely>false</rely>
<columnDependencyConstraintGenerateInDDL>true</columnDependencyConstraintGenerateInDDL>
</FKIndexAssociation>