<?xml version = '1.0' encoding = 'UTF-8'?>
<FKIndexAssociation class="oracle.dbtools.crest.model.design.relational.FKIndexAssociation" directorySegmentName="seg_0" id="82DC92A1-D94E-5873-0F46-3CC65FC1EB13" containerWithKeyObject="B9F6E0D2-2299-65BB-BB31-81B612343413" localFKIndex="775807E0-9F8D-895C-C461-3F4B974C2763" name="ATENCION_MEDICA_PAGO_ATENCION_FKv2">
<createdBy>angel</createdBy>
<createdTime>2025-09-16 02:39:41 UTC</createdTime>
<generatorID>48BCA9B3-612E-6EBF-C038-F7B9C60BB2FB</generatorID>
<ownerDesignName>base</ownerDesignName>
<referredTableLongName>PAGO_ATENCION</referredTableLongName>
<deleteRule>NO ACTION</deleteRule>
<referredTableID>46415F3C-0531-94F6-C324-EDACEE2F31D4</referredTableID>
<keyObject>FA221AEE-3152-B74E-7E28-23B213CB8FC4</keyObject>
<referredKeyID>FA221AEE-3152-B74E-7E28-23B213CB8FC4</referredKeyID>
<mandatory>true</mandatory>
<refColNames>Id_Pago</refColNames>
<transferable>true</transferable>
<rely>false</rely>
<columnDependencyConstraintGenerateInDDL>true</columnDependencyConstraintGenerateInDDL>
</FKIndexAssociation>