<?xml version = '1.0' encoding = 'UTF-8'?>
<FKIndexAssociation class="oracle.dbtools.crest.model.design.relational.FKIndexAssociation" directorySegmentName="seg_0" id="8C9FF4CF-41B0-5A8F-F370-153AF0C3748D" containerWithKeyObject="46415F3C-0531-94F6-C324-EDACEE2F31D4" localFKIndex="8838E83A-C590-8FB2-91BC-CAFD07AC3D0F" name="PAGO_ATENCION_ATENCION_MEDICA_FK">
<createdBy>angel</createdBy>
<createdTime>2025-09-16 01:31:50 UTC</createdTime>
<generatorID>AA196FC6-C0B4-0830-B816-24A76ABDFD56</generatorID>
<ownerDesignName>base</ownerDesignName>
<referredTableLongName>ATENCION_MEDICA</referredTableLongName>
<deleteRule>NO ACTION</deleteRule>
<referredTableID>B9F6E0D2-2299-65BB-BB31-81B612343413</referredTableID>
<keyObject>660E0AFC-9302-D6E2-EAC9-652497C3867A</keyObject>
<referredKeyID>660E0AFC-9302-D6E2-EAC9-652497C3867A</referredKeyID>
<mandatory>true</mandatory>
<refColNames>Id_Atencion</refColNames>
<transferable>true</transferable>
<rely>false</rely>
<columnDependencyConstraintGenerateInDDL>true</columnDependencyConstraintGenerateInDDL>
</FKIndexAssociation>