<?xml version = '1.0' encoding = 'UTF-8'?>
<FKIndexAssociation class="oracle.dbtools.crest.model.design.relational.FKIndexAssociation" directorySegmentName="seg_0" id="9F4CA0B3-4622-5DAB-C98E-F056EE609F33" containerWithKeyObject="7E798ECE-B3C4-387E-54F2-CFABD27B2F32" localFKIndex="E95250B2-4A77-06AD-2DF7-D99D3F7EC93D" name="MEDICO_INSTITUCION_SALUD_FK">
<createdBy>angel</createdBy>
<createdTime>2025-09-16 02:39:41 UTC</createdTime>
<generatorID>63DFBFFD-984E-DEDC-D001-4C0C375D1310</generatorID>
<ownerDesignName>base</ownerDesignName>
<referredTableLongName>INSTITUCION_SALUD</referredTableLongName>
<deleteRule>NO ACTION</deleteRule>
<referredTableID>83FC3C6D-7BE5-F1F8-43DD-B422989E78BA</referredTableID>
<keyObject>E56EB210-3167-9E2A-E445-909841F7DF90</keyObject>
<referredKeyID>E56EB210-3167-9E2A-E445-909841F7DF90</referredKeyID>
<mandatory>true</mandatory>
<refColNames>Cod_Institucion</refColNames>
<transferable>true</transferable>
<rely>false</rely>
<columnDependencyConstraintGenerateInDDL>true</columnDependencyConstraintGenerateInDDL>
</FKIndexAssociation>