<?xml version = '1.0' encoding = 'UTF-8'?>
<FKIndexAssociation class="oracle.dbtools.crest.model.design.relational.FKIndexAssociation" directorySegmentName="seg_0" id="A9802F1C-F97C-89E8-067D-38E9016B8ECE" containerWithKeyObject="B9F6E0D2-2299-65BB-BB31-81B612343413" localFKIndex="9ABD4F4E-3C01-25E7-8794-B094F70AB759" name="ATENCION_MEDICA_PAGO_ATENCION_FK">
<createdBy>angel</createdBy>
<createdTime>2025-09-16 02:15:32 UTC</createdTime>
<generatorID>AA196FC6-C0B4-0830-B816-24A76ABDFD56</generatorID>
<ownerDesignName>base</ownerDesignName>
<referredTableLongName>PAGO_ATENCION</referredTableLongName>
<deleteRule>NO ACTION</deleteRule>
<referredTableID>46415F3C-0531-94F6-C324-EDACEE2F31D4</referredTableID>
<keyObject>FA221AEE-3152-B74E-7E28-23B213CB8FC4</keyObject>
<referredKeyID>FA221AEE-3152-B74E-7E28-23B213CB8FC4</referredKeyID>
<mandatory>true</mandatory>
<refColNames>Id_Pago</refColNames>
<transferable>true</transferable>
<rely>false</rely>
<columnDependencyConstraintGenerateInDDL>true</columnDependencyConstraintGenerateInDDL>
</FKIndexAssociation>