<?xml version = '1.0' encoding = 'UTF-8'?>
<FKIndexAssociation class="oracle.dbtools.crest.model.design.relational.FKIndexAssociation" directorySegmentName="seg_0" id="B48B5499-571B-D662-9478-5120A338AF73" containerWithKeyObject="7E798ECE-B3C4-387E-54F2-CFABD27B2F32" localFKIndex="18C7CC5B-F6B9-0574-7E1B-A7CC5A5A888D" name="MEDICO_AFP_FK">
<createdBy>angel</createdBy>
<createdTime>2025-09-16 02:39:41 UTC</createdTime>
<generatorID>542B6C9D-A7C0-1412-C25A-2E8F1585CC7C</generatorID>
<ownerDesignName>base</ownerDesignName>
<referredTableLongName>AFP</referredTableLongName>
<deleteRule>NO ACTION</deleteRule>
<referredTableID>A74B06DC-AF9E-B833-B9C7-A6EEEE1842FF</referredTableID>
<keyObject>3A9749D8-F095-428E-B6E7-0BD5011CDB46</keyObject>
<referredKeyID>3A9749D8-F095-428E-B6E7-0BD5011CDB46</referredKeyID>
<mandatory>true</mandatory>
<refColNames>Cod_AFP</refColNames>
<transferable>true</transferable>
<rely>false</rely>
<columnDependencyConstraintGenerateInDDL>true</columnDependencyConstraintGenerateInDDL>
</FKIndexAssociation>