<?xml version = '1.0' encoding = 'UTF-8'?>
<FKIndexAssociation class="oracle.dbtools.crest.model.design.relational.FKIndexAssociation" directorySegmentName="seg_0" id="BFA19576-8D10-368A-145A-0E1543AD6999" containerWithKeyObject="B9F6E0D2-2299-65BB-BB31-81B612343413" localFKIndex="FD029555-DABD-888C-25E0-FE7E95DE9077" name="ATENCION_MEDICA_PACIENTE_FK">
<createdBy>angel</createdBy>
<createdTime>2025-09-16 01:31:50 UTC</createdTime>
<generatorID>3D21601A-DE9B-4CA4-E0E1-B597834C2BF2</generatorID>
<ownerDesignName>base</ownerDesignName>
<referredTableLongName>PACIENTE</referredTableLongName>
<deleteRule>NO ACTION</deleteRule>
<referredTableID>707B7CF2-FA82-FBD4-9562-327740893B7C</referredTableID>
<keyObject>4E3977AB-22AF-8084-4BAF-E711D7EF5EE1</keyObject>
<referredKeyID>4E3977AB-22AF-8084-4BAF-E711D7EF5EE1</referredKeyID>
<mandatory>true</mandatory>
<refColNames>RUT</refColNames>
<transferable>true</transferable>
<rely>false</rely>
<columnDependencyConstraintGenerateInDDL>true</columnDependencyConstraintGenerateInDDL>
</FKIndexAssociation>