<?xml version = '1.0' encoding = 'UTF-8'?>
<FKIndexAssociation class="oracle.dbtools.crest.model.design.relational.FKIndexAssociation" directorySegmentName="seg_0" id="CC8D2F4F-19C4-3656-0BFC-E42790ABDA0E" containerWithKeyObject="B9F6E0D2-2299-65BB-BB31-81B612343413" localFKIndex="27B68FA6-AD61-A19B-CD15-FFEC1EE222C4" name="ATENCION_MEDICA_MEDICO_FK">
<createdBy>angel</createdBy>
<createdTime>2025-09-16 01:31:50 UTC</createdTime>
<generatorID>6602531E-3697-9A04-99DA-AA975B6A8B18</generatorID>
<ownerDesignName>base</ownerDesignName>
<referredTableLongName>MEDICO</referredTableLongName>
<deleteRule>NO ACTION</deleteRule>
<referredTableID>7E798ECE-B3C4-387E-54F2-CFABD27B2F32</referredTableID>
<keyObject>C5DDA4C6-98CB-48B2-5D4D-CD7D43938AE8</keyObject>
<referredKeyID>C5DDA4C6-98CB-48B2-5D4D-CD7D43938AE8</referredKeyID>
<mandatory>true</mandatory>
<refColNames>RUT</refColNames>
<transferable>true</transferable>
<rely>false</rely>
<columnDependencyConstraintGenerateInDDL>true</columnDependencyConstraintGenerateInDDL>
</FKIndexAssociation>