<?xml version = '1.0' encoding = 'UTF-8'?>
<FKIndexAssociation class="oracle.dbtools.crest.model.design.relational.FKIndexAssociation" directorySegmentName="seg_0" id="D4A867A4-392F-82C8-C97E-601C77825AE7" containerWithKeyObject="7E798ECE-B3C4-387E-54F2-CFABD27B2F32" localFKIndex="1ED21D87-D7F4-A829-DBD3-6CE40DE325BC" name="MEDICO_MEDICO_FK">
<createdBy>angel</createdBy>
<createdTime>2025-09-16 02:15:32 UTC</createdTime>
<generatorID>E8656BE2-4EC6-625E-7560-C7A6A1229626</generatorID>
<ownerDesignName>base</ownerDesignName>
<referredTableLongName>MEDICO</referredTableLongName>
<deleteRule>NO ACTION</deleteRule>
<referredTableID>7E798ECE-B3C4-387E-54F2-CFABD27B2F32</referredTableID>
<keyObject>C5DDA4C6-98CB-48B2-5D4D-CD7D43938AE8</keyObject>
<referredKeyID>C5DDA4C6-98CB-48B2-5D4D-CD7D43938AE8</referredKeyID>
<mandatory>false</mandatory>
<refColNames>RUT</refColNames>
<transferable>true</transferable>
<rely>false</rely>
<columnDependencyConstraintGenerateInDDL>true</columnDependencyConstraintGenerateInDDL>
</FKIndexAssociation>