<?xml version = '1.0' encoding = 'UTF-8'?>
<FKIndexAssociation class="oracle.dbtools.crest.model.design.relational.FKIndexAssociation" directorySegmentName="seg_0" id="D7261418-C01D-ECD4-9815-5E4B3696D225" containerWithKeyObject="10783675-939E-DAFE-7FD7-0DABB68DB910" localFKIndex="F2248CEF-3FBC-3CB6-A00A-2C607D80E5A3" name="SOLICITUD_EXAMEN_Examen_Laboratorio_FK">
<createdBy>angel</createdBy>
<createdTime>2025-09-16 01:31:50 UTC</createdTime>
<generatorID>B2C188D0-1DB9-126F-B058-6C5492A92A93</generatorID>
<ownerDesignName>base</ownerDesignName>
<referredTableLongName>Examen_Laboratorio</referredTableLongName>
<deleteRule>NO ACTION</deleteRule>
<referredTableID>C26CE660-E2FC-A996-F0DA-68BB5C364047</referredTableID>
<keyObject>09CC0316-57AF-B688-BA83-B99BCDEAFA98</keyObject>
<referredKeyID>09CC0316-57AF-B688-BA83-B99BCDEAFA98</referredKeyID>
<mandatory>true</mandatory>
<refColNames>Cod_Examen</refColNames>
<transferable>true</transferable>
<rely>false</rely>
<columnDependencyConstraintGenerateInDDL>true</columnDependencyConstraintGenerateInDDL>
</FKIndexAssociation>