<?xml version = '1.0' encoding = 'UTF-8'?>
<FKIndexAssociation class="oracle.dbtools.crest.model.design.relational.FKIndexAssociation" directorySegmentName="seg_0" id="F04CB383-2103-DCD3-CA9C-104ED521DFBF" containerWithKeyObject="8D97FA81-14BC-6A76-3976-AC9B25B73D2C" localFKIndex="466AC39B-0693-EEAB-6366-453B412180C8" name="Relation_10_MEDICO_FK">
<createdBy>angel</createdBy>
<createdTime>2025-09-16 01:31:50 UTC</createdTime>
<generatorID>283D05B0-BA55-9234-623A-6548ED637211</generatorID>
<ownerDesignName>base</ownerDesignName>
<referredTableLongName>MEDICO</referredTableLongName>
<deleteRule>NO ACTION</deleteRule>
<referredTableID>7E798ECE-B3C4-387E-54F2-CFABD27B2F32</referredTableID>
<keyObject>C5DDA4C6-98CB-48B2-5D4D-CD7D43938AE8</keyObject>
<referredKeyID>C5DDA4C6-98CB-48B2-5D4D-CD7D43938AE8</referredKeyID>
<mandatory>true</mandatory>
<refColNames>RUT</refColNames>
<transferable>true</transferable>
<rely>false</rely>
<columnDependencyConstraintGenerateInDDL>true</columnDependencyConstraintGenerateInDDL>
</FKIndexAssociation>