<?xml version = '1.0' encoding = 'UTF-8'?>
<Entity class="oracle.dbtools.crest.model.design.logical.Entity" directorySegmentName="seg_0" id="0AC73EFD-733F-D8C1-841F-CB971C608807" name="INSTITUCION_SALUD">
<createdBy>angel</createdBy>
<createdTime>2025-09-16 00:55:51 UTC</createdTime>
<ownerDesignName>base</ownerDesignName>
<engineerTo>
<item key="E7701858-A820-0912-DA43-351E8F80C336" value="true"/>
</engineerTo>
<adequatelyNormalized>NO</adequatelyNormalized>
<expectedVolumes>0</expectedVolumes>
<fwdEngineeringStrategyName>Single Table</fwdEngineeringStrategyName>
<growthPercent>0</growthPercent>
<growthType>Year</growthType>
<maxVolumes>9999999</maxVolumes>
<minVolumes>0</minVolumes>
<normalForm>Third</normalForm>
<attributes itemClass="oracle.dbtools.crest.model.design.logical.Attribute">
<Attribute name="Cod_Institucion" id="A91A2881-7DA3-03D0-5735-CF10FB91230B">
<createdBy>angel</createdBy>
<createdTime>2025-09-16 00:56:02 UTC</createdTime>
<ownerDesignName>base</ownerDesignName>
<engineerTo>
<item key="E7701858-A820-0912-DA43-351E8F80C336" value="true"/>
</engineerTo>
<useDomainConstraints>false</useDomainConstraints>
<use>1</use>
<logicalDatatype>LOGDT019</logicalDatatype>
<dataTypePrecision>3</dataTypePrecision>
<ownDataTypeParameters>,3,</ownDataTypeParameters>
</Attribute>
<Attribute name="Nombre_Institucion " id="40B1CD3A-F95C-D9F7-8190-E6B295F7E26E">
<createdBy>angel</createdBy>
<createdTime>2025-09-16 00:56:34 UTC</createdTime>
<ownerDesignName>base</ownerDesignName>
<engineerTo>
<item key="E7701858-A820-0912-DA43-351E8F80C336" value="true"/>
</engineerTo>
<useDomainConstraints>false</useDomainConstraints>
<use>1</use>
<logicalDatatype>LOGDT024</logicalDatatype>
<dataTypeSize>80</dataTypeSize>
<ownDataTypeParameters>80,,</ownDataTypeParameters>
</Attribute>
<Attribute name="Tipo" id="A130BBBF-7B78-9A57-3B67-65DC285E41E1">
<createdBy>angel</createdBy>
<createdTime>2025-09-16 00:56:59 UTC</createdTime>
<ownerDesignName>base</ownerDesignName>
<engineerTo>
<item key="E7701858-A820-0912-DA43-351E8F80C336" value="true"/>
</engineerTo>
<nullsAllowed>true</nullsAllowed>
<useDomainConstraints>false</useDomainConstraints>
<use>1</use>
<logicalDatatype>LOGDT024</logicalDatatype>
<dataTypeSize>10</dataTypeSize>
<ownDataTypeParameters>10,,</ownDataTypeParameters>
</Attribute>
<Attribute name="RUT" id="F9EF879A-293D-2F4C-B755-D3FFAF935CB3">
<createdBy>angel</createdBy>
<createdTime>2025-09-16 01:12:34 UTC</createdTime>
<generatorID>63DFBFFD-984E-DEDC-D001-4C0C375D1310</generatorID>
<ownerDesignName>base</ownerDesignName>
<engineerTo>
<item key="E7701858-A820-0912-DA43-351E8F80C336" value="true"/>
</engineerTo>
<referedAttribute>B90A93D4-5353-C3F4-807B-6ACA46D45815</referedAttribute>
<useDomainConstraints>false</useDomainConstraints>
<use>1</use>
<logicalDatatype>LOGDT024</logicalDatatype>
<dataTypeSize>12</dataTypeSize>
<ownDataTypeParameters>,,</ownDataTypeParameters>
</Attribute>
</attributes>
<identifiers itemClass="oracle.dbtools.crest.model.design.logical.CandidateKey">
<identifier id="C32F22F1-96C9-C3B3-E058-FEAEA13A71FE" name="INSTITUCION_SALUD PK">
<createdBy>angel</createdBy>
<createdTime>2025-09-16 00:56:33 UTC</createdTime>
<ownerDesignName>base</ownerDesignName>
<shouldEngineer>false</shouldEngineer>
<engineerTo>
<item key="E7701858-A820-0912-DA43-351E8F80C336" value="false"/>
</engineerTo>
<pk>true</pk>
<usedAttributes>
<attributeRef>A91A2881-7DA3-03D0-5735-CF10FB91230B</attributeRef>
</usedAttributes>
</identifier>
</identifiers>
</Entity>