<?xml version = '1.0' encoding = 'UTF-8'?>
<Entity class="oracle.dbtools.crest.model.design.logical.Entity" directorySegmentName="seg_0" id="13432408-652C-D006-3331-7CC38F7A553E" name="COMUNA ">
<createdBy>angel</createdBy>
<createdTime>2025-09-16 00:46:16 UTC</createdTime>
<ownerDesignName>base</ownerDesignName>
<engineerTo>
<item key="E7701858-A820-0912-DA43-351E8F80C336" value="true"/>
</engineerTo>
<adequatelyNormalized>NO</adequatelyNormalized>
<expectedVolumes>0</expectedVolumes>
<fwdEngineeringStrategyName>Single Table</fwdEngineeringStrategyName>
<growthPercent>0</growthPercent>
<growthType>Year</growthType>
<maxVolumes>9999999</maxVolumes>
<minVolumes>0</minVolumes>
<normalForm>Third</normalForm>
<attributes itemClass="oracle.dbtools.crest.model.design.logical.Attribute">
<Attribute name="Cod_Comuna" id="FC760D03-A2DC-4D38-F4C1-5B0B5ED3DB2A">
<createdBy>angel</createdBy>
<createdTime>2025-09-16 00:46:29 UTC</createdTime>
<ownerDesignName>base</ownerDesignName>
<engineerTo>
<item key="E7701858-A820-0912-DA43-351E8F80C336" value="true"/>
</engineerTo>
<useDomainConstraints>false</useDomainConstraints>
<use>1</use>
<logicalDatatype>LOGDT019</logicalDatatype>
<dataTypePrecision>5</dataTypePrecision>
<ownDataTypeParameters>,5,</ownDataTypeParameters>
</Attribute>
<Attribute name="Nombre_Comuna" id="A2999B7D-4E24-04D5-B33A-0DC950EB92AF">
<createdBy>angel</createdBy>
<createdTime>2025-09-16 00:46:59 UTC</createdTime>
<ownerDesignName>base</ownerDesignName>
<engineerTo>
<item key="E7701858-A820-0912-DA43-351E8F80C336" value="true"/>
</engineerTo>
<useDomainConstraints>false</useDomainConstraints>
<use>1</use>
<logicalDatatype>LOGDT024</logicalDatatype>
<dataTypeSize>60</dataTypeSize>
<ownDataTypeParameters>60,,</ownDataTypeParameters>
</Attribute>
<Attribute name="Cod_Region" id="28502ABA-AAAE-0D6E-F5D7-24935105A6FB">
<createdBy>angel</createdBy>
<createdTime>2025-09-16 00:47:22 UTC</createdTime>
<ownerDesignName>base</ownerDesignName>
<engineerTo>
<item key="E7701858-A820-0912-DA43-351E8F80C336" value="true"/>
</engineerTo>
<useDomainConstraints>false</useDomainConstraints>
<use>1</use>
<logicalDatatype>LOGDT019</logicalDatatype>
<dataTypePrecision>2</dataTypePrecision>
<ownDataTypeParameters>,2,</ownDataTypeParameters>
</Attribute>
<Attribute name="RUT" id="1689A8BA-2B5D-5240-E7E8-FF49DF713B8B">
<createdBy>angel</createdBy>
<createdTime>2025-09-16 01:15:29 UTC</createdTime>
<generatorID>E6E991FA-A6F3-1EFB-F872-BB31B75CE5E9</generatorID>
<ownerDesignName>base</ownerDesignName>
<engineerTo>
<item key="E7701858-A820-0912-DA43-351E8F80C336" value="true"/>
</engineerTo>
<referedAttribute>894D8647-D977-3E7F-2EF2-496112FF6ABB</referedAttribute>
<useDomainConstraints>false</useDomainConstraints>
<use>1</use>
<logicalDatatype>LOGDT024</logicalDatatype>
<dataTypeSize>12</dataTypeSize>
<ownDataTypeParameters>,,</ownDataTypeParameters>
</Attribute>
<Attribute name="Cod_Region1" id="BFF3EF23-7883-7EED-16FE-A19DC4DBF76A">
<createdBy>angel</createdBy>
<createdTime>2025-09-16 02:34:36 UTC</createdTime>
<generatorID>57FDDF06-9996-A589-2B94-CEED714E0B82</generatorID>
<ownerDesignName>base</ownerDesignName>
<engineerTo>
<item key="E7701858-A820-0912-DA43-351E8F80C336" value="true"/>
</engineerTo>
<referedAttribute>751EC8ED-56E7-2994-BCEE-0DD5D247C525</referedAttribute>
<useDomainConstraints>false</useDomainConstraints>
<use>1</use>
<logicalDatatype>LOGDT019</logicalDatatype>
<dataTypePrecision>2</dataTypePrecision>
<ownDataTypeParameters>,,</ownDataTypeParameters>
</Attribute>
</attributes>
<identifiers itemClass="oracle.dbtools.crest.model.design.logical.CandidateKey">
<identifier id="DDB66523-FB8C-1DB1-6DD8-C94C150CE970" name="COMUNA PK">
<createdBy>angel</createdBy>
<createdTime>2025-09-16 00:46:54 UTC</createdTime>
<ownerDesignName>base</ownerDesignName>
<shouldEngineer>false</shouldEngineer>
<engineerTo>
<item key="E7701858-A820-0912-DA43-351E8F80C336" value="false"/>
</engineerTo>
<pk>true</pk>
<usedAttributes>
<attributeRef>FC760D03-A2DC-4D38-F4C1-5B0B5ED3DB2A</attributeRef>
</usedAttributes>
</identifier>
</identifiers>
</Entity>