<?xml version = '1.0' encoding = 'UTF-8'?>
<Entity class="oracle.dbtools.crest.model.design.logical.Entity" directorySegmentName="seg_0" id="2863BE91-54E8-A02F-729B-E6B5B7380E10" name="SOLICITUD_EXAMEN">
<createdBy>angel</createdBy>
<createdTime>2025-09-16 01:04:49 UTC</createdTime>
<ownerDesignName>base</ownerDesignName>
<engineerTo>
<item key="E7701858-A820-0912-DA43-351E8F80C336" value="true"/>
</engineerTo>
<adequatelyNormalized>NO</adequatelyNormalized>
<expectedVolumes>0</expectedVolumes>
<fwdEngineeringStrategyName>Single Table</fwdEngineeringStrategyName>
<growthPercent>0</growthPercent>
<growthType>Year</growthType>
<maxVolumes>9999999</maxVolumes>
<minVolumes>0</minVolumes>
<normalForm>Third</normalForm>
<attributes itemClass="oracle.dbtools.crest.model.design.logical.Attribute">
<Attribute name="ID_Solicitud" id="BFF7DD38-CE95-388B-3C86-571BC0AA978E">
<createdBy>angel</createdBy>
<createdTime>2025-09-16 01:05:03 UTC</createdTime>
<ownerDesignName>base</ownerDesignName>
<engineerTo>
<item key="E7701858-A820-0912-DA43-351E8F80C336" value="true"/>
</engineerTo>
<useDomainConstraints>false</useDomainConstraints>
<use>1</use>
<logicalDatatype>LOGDT019</logicalDatatype>
<dataTypePrecision>12</dataTypePrecision>
<ownDataTypeParameters>,12,</ownDataTypeParameters>
</Attribute>
<Attribute name="ID_Atencion" id="E4808EC7-0687-F6FC-5E58-5D96E08C3FAC">
<createdBy>angel</createdBy>
<createdTime>2025-09-16 01:05:30 UTC</createdTime>
<ownerDesignName>base</ownerDesignName>
<engineerTo>
<item key="E7701858-A820-0912-DA43-351E8F80C336" value="true"/>
</engineerTo>
<useDomainConstraints>false</useDomainConstraints>
<use>1</use>
<logicalDatatype>LOGDT019</logicalDatatype>
<dataTypePrecision>10</dataTypePrecision>
<ownDataTypeParameters>,10,</ownDataTypeParameters>
</Attribute>
<Attribute name="Cod_Examen" id="5F97EE84-2C21-BC9E-4BDF-D938E9A83ACA">
<createdBy>angel</createdBy>
<createdTime>2025-09-16 01:06:13 UTC</createdTime>
<ownerDesignName>base</ownerDesignName>
<engineerTo>
<item key="E7701858-A820-0912-DA43-351E8F80C336" value="true"/>
</engineerTo>
<useDomainConstraints>false</useDomainConstraints>
<use>1</use>
<logicalDatatype>LOGDT019</logicalDatatype>
<dataTypePrecision>5</dataTypePrecision>
<ownDataTypeParameters>,5,</ownDataTypeParameters>
</Attribute>
<Attribute name="Resultado" id="B88EB99F-C969-0C61-8E67-79220AF584D6">
<createdBy>angel</createdBy>
<createdTime>2025-09-16 01:06:35 UTC</createdTime>
<ownerDesignName>base</ownerDesignName>
<engineerTo>
<item key="E7701858-A820-0912-DA43-351E8F80C336" value="true"/>
</engineerTo>
<nullsAllowed>true</nullsAllowed>
<useDomainConstraints>false</useDomainConstraints>
<use>1</use>
<logicalDatatype>LOGDT024</logicalDatatype>
<dataTypeSize>200</dataTypeSize>
<ownDataTypeParameters>200,,</ownDataTypeParameters>
</Attribute>
<Attribute name="Cod_Examen1" id="11E4903C-0BF9-BDCA-B737-F9F61F887330">
<createdBy>angel</createdBy>
<createdTime>2025-09-16 01:17:41 UTC</createdTime>
<generatorID>B2C188D0-1DB9-126F-B058-6C5492A92A93</generatorID>
<ownerDesignName>base</ownerDesignName>
<engineerTo>
<item key="E7701858-A820-0912-DA43-351E8F80C336" value="true"/>
</engineerTo>
<referedAttribute>35BE6D64-0868-ADB9-CE1B-F208C839BEEB</referedAttribute>
<useDomainConstraints>false</useDomainConstraints>
<use>1</use>
<logicalDatatype>LOGDT019</logicalDatatype>
<dataTypePrecision>5</dataTypePrecision>
<ownDataTypeParameters>,,</ownDataTypeParameters>
</Attribute>
<Attribute name="Id_Atencion " id="DF7B21EF-D6B0-1F7D-7EA5-6C7D7836C5D4">
<createdBy>angel</createdBy>
<createdTime>2025-09-16 01:59:56 UTC</createdTime>
<generatorID>39FEE189-E245-5B9D-D330-071D34F26A9A</generatorID>
<ownerDesignName>base</ownerDesignName>
<engineerTo>
<item key="E7701858-A820-0912-DA43-351E8F80C336" value="true"/>
</engineerTo>
<referedAttribute>3D40595A-4124-58A0-F095-14C45FBC34A4</referedAttribute>
<useDomainConstraints>false</useDomainConstraints>
<use>1</use>
<logicalDatatype>LOGDT019</logicalDatatype>
<dataTypePrecision>10</dataTypePrecision>
<ownDataTypeParameters>,,</ownDataTypeParameters>
</Attribute>
</attributes>
<identifiers itemClass="oracle.dbtools.crest.model.design.logical.CandidateKey">
<identifier id="ACE03E9F-F1C8-1709-F628-027AD4EB1131" name="SOLICITUD_EXAMEN PK">
<createdBy>angel</createdBy>
<createdTime>2025-09-16 01:05:29 UTC</createdTime>
<ownerDesignName>base</ownerDesignName>
<shouldEngineer>false</shouldEngineer>
<engineerTo>
<item key="E7701858-A820-0912-DA43-351E8F80C336" value="false"/>
</engineerTo>
<pk>true</pk>
<usedAttributes>
<attributeRef>BFF7DD38-CE95-388B-3C86-571BC0AA978E</attributeRef>
<attributeRef>11E4903C-0BF9-BDCA-B737-F9F61F887330</attributeRef>
</usedAttributes>
</identifier>
</identifiers>
</Entity>