<?xml version = '1.0' encoding = 'UTF-8'?>
<Entity class="oracle.dbtools.crest.model.design.logical.Entity" directorySegmentName="seg_0" id="2EBAAB2C-8A30-B3D5-2172-572B7510BEDA" name="ESPECIALIDAD">
<createdBy>angel</createdBy>
<createdTime>2025-09-16 00:53:53 UTC</createdTime>
<ownerDesignName>base</ownerDesignName>
<engineerTo>
<item key="E7701858-A820-0912-DA43-351E8F80C336" value="true"/>
</engineerTo>
<adequatelyNormalized>NO</adequatelyNormalized>
<expectedVolumes>0</expectedVolumes>
<fwdEngineeringStrategyName>Single Table</fwdEngineeringStrategyName>
<growthPercent>0</growthPercent>
<growthType>Year</growthType>
<maxVolumes>9999999</maxVolumes>
<minVolumes>0</minVolumes>
<normalForm>Third</normalForm>
<attributes itemClass="oracle.dbtools.crest.model.design.logical.Attribute">
<Attribute name="Cod_Especialidad" id="26A0350D-E726-1F25-6A0A-01ADFA091BC7">
<createdBy>angel</createdBy>
<createdTime>2025-09-16 00:54:01 UTC</createdTime>
<ownerDesignName>base</ownerDesignName>
<engineerTo>
<item key="E7701858-A820-0912-DA43-351E8F80C336" value="true"/>
</engineerTo>
<useDomainConstraints>false</useDomainConstraints>
<use>1</use>
<logicalDatatype>LOGDT019</logicalDatatype>
<dataTypePrecision>4</dataTypePrecision>
<ownDataTypeParameters>,4,</ownDataTypeParameters>
</Attribute>
<Attribute name="Nombre_Especialidad" id="FCF8CC3A-A080-21BD-E605-5A484F59468C">
<createdBy>angel</createdBy>
<createdTime>2025-09-16 00:54:25 UTC</createdTime>
<ownerDesignName>base</ownerDesignName>
<engineerTo>
<item key="E7701858-A820-0912-DA43-351E8F80C336" value="true"/>
</engineerTo>
<useDomainConstraints>false</useDomainConstraints>
<use>1</use>
<logicalDatatype>LOGDT024</logicalDatatype>
<dataTypeSize>60</dataTypeSize>
<ownDataTypeParameters>60,,</ownDataTypeParameters>
</Attribute>
</attributes>
<identifiers itemClass="oracle.dbtools.crest.model.design.logical.CandidateKey">
<identifier id="3AD7ED8A-E232-CA75-1D68-FD69545A88E0" name="ESPECIALIDAD PK">
<createdBy>angel</createdBy>
<createdTime>2025-09-16 00:54:22 UTC</createdTime>
<ownerDesignName>base</ownerDesignName>
<shouldEngineer>false</shouldEngineer>
<engineerTo>
<item key="E7701858-A820-0912-DA43-351E8F80C336" value="false"/>
</engineerTo>
<pk>true</pk>
<usedAttributes>
<attributeRef>26A0350D-E726-1F25-6A0A-01ADFA091BC7</attributeRef>
</usedAttributes>
</identifier>
</identifiers>
</Entity>