<?xml version = '1.0' encoding = 'UTF-8'?>
<Entity class="oracle.dbtools.crest.model.design.logical.Entity" directorySegmentName="seg_0" id="7112F1B5-930B-5C25-46A0-69129F8428B8" name="MEDICO">
<createdBy>angel</createdBy>
<createdTime>2025-09-16 00:49:08 UTC</createdTime>
<ownerDesignName>base</ownerDesignName>
<engineerTo>
<item key="E7701858-A820-0912-DA43-351E8F80C336" value="true"/>
</engineerTo>
<adequatelyNormalized>NO</adequatelyNormalized>
<expectedVolumes>0</expectedVolumes>
<fwdEngineeringStrategyName>Single Table</fwdEngineeringStrategyName>
<growthPercent>0</growthPercent>
<growthType>Year</growthType>
<maxVolumes>9999999</maxVolumes>
<minVolumes>0</minVolumes>
<normalForm>Third</normalForm>
<attributes itemClass="oracle.dbtools.crest.model.design.logical.Attribute">
<Attribute name="RUT" id="B90A93D4-5353-C3F4-807B-6ACA46D45815">
<createdBy>angel</createdBy>
<createdTime>2025-09-16 00:49:24 UTC</createdTime>
<ownerDesignName>base</ownerDesignName>
<engineerTo>
<item key="E7701858-A820-0912-DA43-351E8F80C336" value="true"/>
</engineerTo>
<useDomainConstraints>false</useDomainConstraints>
<use>1</use>
<logicalDatatype>LOGDT024</logicalDatatype>
<dataTypeSize>12</dataTypeSize>
<ownDataTypeParameters>12,,</ownDataTypeParameters>
</Attribute>
<Attribute name="Nombre" id="FC3C9CEE-53E5-0197-3659-E821E473FC53">
<createdBy>angel</createdBy>
<createdTime>2025-09-16 00:49:45 UTC</createdTime>
<ownerDesignName>base</ownerDesignName>
<engineerTo>
<item key="E7701858-A820-0912-DA43-351E8F80C336" value="true"/>
</engineerTo>
<useDomainConstraints>false</useDomainConstraints>
<use>1</use>
<logicalDatatype>LOGDT024</logicalDatatype>
<dataTypeSize>60</dataTypeSize>
<ownDataTypeParameters>60,,</ownDataTypeParameters>
</Attribute>
<Attribute name="Apellido" id="EADC177C-671E-EF8E-1295-91A342CE4E9E">
<createdBy>angel</createdBy>
<createdTime>2025-09-16 00:50:01 UTC</createdTime>
<ownerDesignName>base</ownerDesignName>
<engineerTo>
<item key="E7701858-A820-0912-DA43-351E8F80C336" value="true"/>
</engineerTo>
<useDomainConstraints>false</useDomainConstraints>
<use>1</use>
<logicalDatatype>LOGDT024</logicalDatatype>
<dataTypeSize>60</dataTypeSize>
<ownDataTypeParameters>60,,</ownDataTypeParameters>
</Attribute>
<Attribute name="Fecha_Ingreso" id="EDBD3680-E0A6-AF2D-5D3E-9DA7ED0110AF">
<createdBy>angel</createdBy>
<createdTime>2025-09-16 00:50:18 UTC</createdTime>
<ownerDesignName>base</ownerDesignName>
<engineerTo>
<item key="E7701858-A820-0912-DA43-351E8F80C336" value="true"/>
</engineerTo>
<useDomainConstraints>false</useDomainConstraints>
<use>1</use>
<logicalDatatype>LOGDT007</logicalDatatype>
<ownDataTypeParameters>,,</ownDataTypeParameters>
</Attribute>
<Attribute name="Cod_Especialidad" id="B1D3F64D-6FFB-9293-C7DA-CF5B5309E08C">
<createdBy>angel</createdBy>
<createdTime>2025-09-16 00:50:50 UTC</createdTime>
<ownerDesignName>base</ownerDesignName>
<engineerTo>
<item key="E7701858-A820-0912-DA43-351E8F80C336" value="true"/>
</engineerTo>
<useDomainConstraints>false</useDomainConstraints>
<use>1</use>
<logicalDatatype>LOGDT019</logicalDatatype>
<dataTypePrecision>4</dataTypePrecision>
<ownDataTypeParameters>,4,</ownDataTypeParameters>
</Attribute>
<Attribute name="Cod_AFP" id="2F366671-17F2-5B62-9648-21ACB277D61E">
<createdBy>angel</createdBy>
<createdTime>2025-09-16 00:51:46 UTC</createdTime>
<ownerDesignName>base</ownerDesignName>
<engineerTo>
<item key="E7701858-A820-0912-DA43-351E8F80C336" value="true"/>
</engineerTo>
<useDomainConstraints>false</useDomainConstraints>
<use>1</use>
<logicalDatatype>LOGDT019</logicalDatatype>
<dataTypePrecision>3</dataTypePrecision>
<ownDataTypeParameters>,3,</ownDataTypeParameters>
</Attribute>
<Attribute name="Cod_Institucion" id="F90A395D-14E8-035E-6482-9D9BAFA4C15E">
<createdBy>angel</createdBy>
<createdTime>2025-09-16 00:52:03 UTC</createdTime>
<ownerDesignName>base</ownerDesignName>
<engineerTo>
<item key="E7701858-A820-0912-DA43-351E8F80C336" value="true"/>
</engineerTo>
<useDomainConstraints>false</useDomainConstraints>
<use>1</use>
<logicalDatatype>LOGDT019</logicalDatatype>
<dataTypePrecision>3</dataTypePrecision>
<ownDataTypeParameters>,3,</ownDataTypeParameters>
</Attribute>
<Attribute name="Cod_Unidad" id="76BA043D-544A-D776-6718-DC3C8378BA72">
<createdBy>angel</createdBy>
<createdTime>2025-09-16 00:52:21 UTC</createdTime>
<ownerDesignName>base</ownerDesignName>
<engineerTo>
<item key="E7701858-A820-0912-DA43-351E8F80C336" value="true"/>
</engineerTo>
<useDomainConstraints>false</useDomainConstraints>
<use>1</use>
<logicalDatatype>LOGDT019</logicalDatatype>
<dataTypePrecision>2</dataTypePrecision>
<ownDataTypeParameters>,2,</ownDataTypeParameters>
</Attribute>
<Attribute name="RUT_Supervisor" id="9BDA446D-9283-C1D3-D97C-F8D241C4FC83">
<createdBy>angel</createdBy>
<createdTime>2025-09-16 00:52:58 UTC</createdTime>
<ownerDesignName>base</ownerDesignName>
<engineerTo>
<item key="E7701858-A820-0912-DA43-351E8F80C336" value="true"/>
</engineerTo>
<nullsAllowed>true</nullsAllowed>
<useDomainConstraints>false</useDomainConstraints>
<use>1</use>
<logicalDatatype>LOGDT024</logicalDatatype>
<dataTypeSize>12</dataTypeSize>
<ownDataTypeParameters>12,,</ownDataTypeParameters>
</Attribute>
<Attribute name="RUT2" id="8AB4D5E8-8076-4C9F-66F1-4365F1198187">
<createdBy>angel</createdBy>
<createdTime>2025-09-16 02:09:40 UTC</createdTime>
<generatorID>E8656BE2-4EC6-625E-7560-C7A6A1229626</generatorID>
<ownerDesignName>base</ownerDesignName>
<engineerTo>
<item key="E7701858-A820-0912-DA43-351E8F80C336" value="true"/>
</engineerTo>
<nullsAllowed>true</nullsAllowed>
<referedAttribute>B90A93D4-5353-C3F4-807B-6ACA46D45815</referedAttribute>
<useDomainConstraints>false</useDomainConstraints>
<use>1</use>
<logicalDatatype>LOGDT024</logicalDatatype>
<dataTypeSize>12</dataTypeSize>
<ownDataTypeParameters>,,</ownDataTypeParameters>
</Attribute>
<Attribute name="Cod_Especialidad1" id="864508CF-581D-73E8-13E8-DFBFA3C85E84">
<createdBy>angel</createdBy>
<createdTime>2025-09-16 02:31:15 UTC</createdTime>
<generatorID>D5C67427-758E-D1FA-5280-120582C60032</generatorID>
<ownerDesignName>base</ownerDesignName>
<engineerTo>
<item key="E7701858-A820-0912-DA43-351E8F80C336" value="true"/>
</engineerTo>
<referedAttribute>26A0350D-E726-1F25-6A0A-01ADFA091BC7</referedAttribute>
<useDomainConstraints>false</useDomainConstraints>
<use>1</use>
<logicalDatatype>LOGDT019</logicalDatatype>
<dataTypePrecision>4</dataTypePrecision>
<ownDataTypeParameters>,,</ownDataTypeParameters>
</Attribute>
<Attribute name="RUT1" id="C67E1F18-1B98-CF22-156F-AE2DE4CD8CC9">
<createdBy>angel</createdBy>
<createdTime>2025-09-16 02:32:13 UTC</createdTime>
<generatorID>542B6C9D-A7C0-1412-C25A-2E8F1585CC7C</generatorID>
<ownerDesignName>base</ownerDesignName>
<engineerTo>
<item key="E7701858-A820-0912-DA43-351E8F80C336" value="true"/>
</engineerTo>
<referedAttribute>B90A93D4-5353-C3F4-807B-6ACA46D45815</referedAttribute>
<useDomainConstraints>false</useDomainConstraints>
<use>1</use>
<logicalDatatype>LOGDT024</logicalDatatype>
<dataTypeSize>12</dataTypeSize>
<ownDataTypeParameters>,,</ownDataTypeParameters>
</Attribute>
<Attribute name="Cod_Institucion1" id="E6C42AE8-6CBC-E4F3-8564-4A006276C012">
<createdBy>angel</createdBy>
<createdTime>2025-09-16 02:32:38 UTC</createdTime>
<generatorID>63DFBFFD-984E-DEDC-D001-4C0C375D1310</generatorID>
<ownerDesignName>base</ownerDesignName>
<engineerTo>
<item key="E7701858-A820-0912-DA43-351E8F80C336" value="true"/>
</engineerTo>
<referedAttribute>A91A2881-7DA3-03D0-5735-CF10FB91230B</referedAttribute>
<useDomainConstraints>false</useDomainConstraints>
<use>1</use>
<logicalDatatype>LOGDT019</logicalDatatype>
<dataTypePrecision>3</dataTypePrecision>
<ownDataTypeParameters>,,</ownDataTypeParameters>
</Attribute>
<Attribute name="Cod_Unidad1" id="A7E47C12-E80A-0D5D-3B14-9D9A3B55B818">
<createdBy>angel</createdBy>
<createdTime>2025-09-16 02:33:05 UTC</createdTime>
<generatorID>D0FA9E22-D12D-4695-8160-9928A37B5689</generatorID>
<ownerDesignName>base</ownerDesignName>
<engineerTo>
<item key="E7701858-A820-0912-DA43-351E8F80C336" value="true"/>
</engineerTo>
<referedAttribute>A88F0422-04CC-6F2E-6EC5-20EFD88CED6E</referedAttribute>
<useDomainConstraints>false</useDomainConstraints>
<use>1</use>
<logicalDatatype>LOGDT019</logicalDatatype>
<dataTypePrecision>2</dataTypePrecision>
<ownDataTypeParameters>,,</ownDataTypeParameters>
</Attribute>
</attributes>
<identifiers itemClass="oracle.dbtools.crest.model.design.logical.CandidateKey">
<identifier id="5D326D14-B62A-9C65-D9FA-5248D244C715" name="MEDICO PK">
<createdBy>angel</createdBy>
<createdTime>2025-09-16 00:49:29 UTC</createdTime>
<ownerDesignName>base</ownerDesignName>
<shouldEngineer>false</shouldEngineer>
<engineerTo>
<item key="E7701858-A820-0912-DA43-351E8F80C336" value="false"/>
</engineerTo>
<pk>true</pk>
<usedAttributes>
<attributeRef>B90A93D4-5353-C3F4-807B-6ACA46D45815</attributeRef>
</usedAttributes>
</identifier>
</identifiers>
</Entity>