<?xml version = '1.0' encoding = 'UTF-8'?>
<Entity class="oracle.dbtools.crest.model.design.logical.Entity" directorySegmentName="seg_0" id="83C4C783-9859-51A4-90A6-48C5E2E93FA8" name="ATENCION_MEDICA">
<createdBy>angel</createdBy>
<createdTime>2025-09-16 00:58:28 UTC</createdTime>
<ownerDesignName>base</ownerDesignName>
<engineerTo>
<item key="E7701858-A820-0912-DA43-351E8F80C336" value="true"/>
</engineerTo>
<adequatelyNormalized>NO</adequatelyNormalized>
<expectedVolumes>0</expectedVolumes>
<fwdEngineeringStrategyName>Single Table</fwdEngineeringStrategyName>
<growthPercent>0</growthPercent>
<growthType>Year</growthType>
<maxVolumes>9999999</maxVolumes>
<minVolumes>0</minVolumes>
<normalForm>Third</normalForm>
<attributes itemClass="oracle.dbtools.crest.model.design.logical.Attribute">
<Attribute name="Id_Atencion " id="3D40595A-4124-58A0-F095-14C45FBC34A4">
<createdBy>angel</createdBy>
<createdTime>2025-09-16 00:58:45 UTC</createdTime>
<ownerDesignName>base</ownerDesignName>
<engineerTo>
<item key="E7701858-A820-0912-DA43-351E8F80C336" value="true"/>
</engineerTo>
<useDomainConstraints>false</useDomainConstraints>
<use>1</use>
<logicalDatatype>LOGDT019</logicalDatatype>
<dataTypePrecision>10</dataTypePrecision>
<ownDataTypeParameters>,10,</ownDataTypeParameters>
</Attribute>
<Attribute name="Fecha_Hora" id="3907F711-A3A9-CBFA-A185-090403667CD8">
<createdBy>angel</createdBy>
<createdTime>2025-09-16 00:59:01 UTC</createdTime>
<ownerDesignName>base</ownerDesignName>
<engineerTo>
<item key="E7701858-A820-0912-DA43-351E8F80C336" value="true"/>
</engineerTo>
<useDomainConstraints>false</useDomainConstraints>
<use>1</use>
<logicalDatatype>LOGDT007</logicalDatatype>
<ownDataTypeParameters>,,</ownDataTypeParameters>
</Attribute>
<Attribute name="Tipo_Atencion " id="6B49CC14-CEF5-C632-4BFB-4E5215B5BF63">
<createdBy>angel</createdBy>
<createdTime>2025-09-16 00:59:18 UTC</createdTime>
<ownerDesignName>base</ownerDesignName>
<engineerTo>
<item key="E7701858-A820-0912-DA43-351E8F80C336" value="true"/>
</engineerTo>
<useDomainConstraints>false</useDomainConstraints>
<use>1</use>
<logicalDatatype>LOGDT024</logicalDatatype>
<dataTypeSize>12</dataTypeSize>
<ownDataTypeParameters>12,,</ownDataTypeParameters>
</Attribute>
<Attribute name="Diagnostico" id="3E3CBF29-9058-2808-E2CC-720F5FB0280E">
<createdBy>angel</createdBy>
<createdTime>2025-09-16 00:59:40 UTC</createdTime>
<ownerDesignName>base</ownerDesignName>
<engineerTo>
<item key="E7701858-A820-0912-DA43-351E8F80C336" value="true"/>
</engineerTo>
<useDomainConstraints>false</useDomainConstraints>
<use>1</use>
<logicalDatatype>LOGDT024</logicalDatatype>
<dataTypeSize>250</dataTypeSize>
<ownDataTypeParameters>250,,</ownDataTypeParameters>
</Attribute>
<Attribute name="Rut_Paciente" id="34D2DCE2-488E-A4D8-8743-98DF3D247923">
<createdBy>angel</createdBy>
<createdTime>2025-09-16 01:00:06 UTC</createdTime>
<ownerDesignName>base</ownerDesignName>
<engineerTo>
<item key="E7701858-A820-0912-DA43-351E8F80C336" value="true"/>
</engineerTo>
<useDomainConstraints>false</useDomainConstraints>
<use>1</use>
<logicalDatatype>LOGDT024</logicalDatatype>
<dataTypeSize>12</dataTypeSize>
<ownDataTypeParameters>12,,</ownDataTypeParameters>
</Attribute>
<Attribute name="Rut_Medico" id="D0686609-C4C9-C6CB-F4D6-3877129EB885">
<createdBy>angel</createdBy>
<createdTime>2025-09-16 01:00:24 UTC</createdTime>
<ownerDesignName>base</ownerDesignName>
<engineerTo>
<item key="E7701858-A820-0912-DA43-351E8F80C336" value="true"/>
</engineerTo>
<useDomainConstraints>false</useDomainConstraints>
<use>1</use>
<logicalDatatype>LOGDT024</logicalDatatype>
<dataTypeSize>12</dataTypeSize>
<ownDataTypeParameters>12,,</ownDataTypeParameters>
</Attribute>
<Attribute name="RUT" id="AD0248CA-4B08-84A8-D875-E1CB1A23F8F0">
<createdBy>angel</createdBy>
<createdTime>2025-09-16 01:08:44 UTC</createdTime>
<generatorID>3D21601A-DE9B-4CA4-E0E1-B597834C2BF2</generatorID>
<ownerDesignName>base</ownerDesignName>
<engineerTo>
<item key="E7701858-A820-0912-DA43-351E8F80C336" value="true"/>
</engineerTo>
<referedAttribute>894D8647-D977-3E7F-2EF2-496112FF6ABB</referedAttribute>
<useDomainConstraints>false</useDomainConstraints>
<use>1</use>
<logicalDatatype>LOGDT024</logicalDatatype>
<dataTypeSize>12</dataTypeSize>
<ownDataTypeParameters>,,</ownDataTypeParameters>
</Attribute>
<Attribute name="RUT1" id="64BE727E-4653-FFE6-7B96-7542DEE52982">
<createdBy>angel</createdBy>
<createdTime>2025-09-16 01:10:09 UTC</createdTime>
<generatorID>6602531E-3697-9A04-99DA-AA975B6A8B18</generatorID>
<ownerDesignName>base</ownerDesignName>
<engineerTo>
<item key="E7701858-A820-0912-DA43-351E8F80C336" value="true"/>
</engineerTo>
<referedAttribute>B90A93D4-5353-C3F4-807B-6ACA46D45815</referedAttribute>
<useDomainConstraints>false</useDomainConstraints>
<use>1</use>
<logicalDatatype>LOGDT024</logicalDatatype>
<dataTypeSize>12</dataTypeSize>
<ownDataTypeParameters>,,</ownDataTypeParameters>
</Attribute>
<Attribute name="Id_Pago" id="E8D371C1-FA49-322C-0BF1-0B00CF8DF7EF">
<createdBy>angel</createdBy>
<createdTime>2025-09-16 02:36:50 UTC</createdTime>
<generatorID>48BCA9B3-612E-6EBF-C038-F7B9C60BB2FB</generatorID>
<ownerDesignName>base</ownerDesignName>
<engineerTo>
<item key="E7701858-A820-0912-DA43-351E8F80C336" value="true"/>
</engineerTo>
<referedAttribute>41491906-1AEB-7D02-C81F-D600711A15C2</referedAttribute>
<useDomainConstraints>false</useDomainConstraints>
<use>1</use>
<logicalDatatype>LOGDT019</logicalDatatype>
<dataTypePrecision>10</dataTypePrecision>
<ownDataTypeParameters>,,</ownDataTypeParameters>
</Attribute>
</attributes>
<identifiers itemClass="oracle.dbtools.crest.model.design.logical.CandidateKey">
<identifier id="FF6E7CCB-C807-23BD-0375-20FE182D1823" name="ATENCION_MEDICA PK">
<createdBy>angel</createdBy>
<createdTime>2025-09-16 00:58:59 UTC</createdTime>
<ownerDesignName>base</ownerDesignName>
<shouldEngineer>false</shouldEngineer>
<engineerTo>
<item key="E7701858-A820-0912-DA43-351E8F80C336" value="false"/>
</engineerTo>
<pk>true</pk>
<usedAttributes>
<attributeRef>3D40595A-4124-58A0-F095-14C45FBC34A4</attributeRef>
</usedAttributes>
</identifier>
</identifiers>
</Entity>