<?xml version = '1.0' encoding = 'UTF-8'?>
<Entity class="oracle.dbtools.crest.model.design.logical.Entity" directorySegmentName="seg_0" id="9E18F09D-BA81-ECB9-F127-B08FF602C7C3" name="AFP">
<createdBy>angel</createdBy>
<createdTime>2025-09-16 00:54:47 UTC</createdTime>
<ownerDesignName>base</ownerDesignName>
<engineerTo>
<item key="E7701858-A820-0912-DA43-351E8F80C336" value="true"/>
</engineerTo>
<adequatelyNormalized>NO</adequatelyNormalized>
<expectedVolumes>0</expectedVolumes>
<fwdEngineeringStrategyName>Single Table</fwdEngineeringStrategyName>
<growthPercent>0</growthPercent>
<growthType>Year</growthType>
<maxVolumes>9999999</maxVolumes>
<minVolumes>0</minVolumes>
<normalForm>Third</normalForm>
<attributes itemClass="oracle.dbtools.crest.model.design.logical.Attribute">
<Attribute name="Cod_AFP" id="51915276-2381-FA37-65AF-A6F7BFBB10BC">
<createdBy>angel</createdBy>
<createdTime>2025-09-16 00:54:59 UTC</createdTime>
<ownerDesignName>base</ownerDesignName>
<engineerTo>
<item key="E7701858-A820-0912-DA43-351E8F80C336" value="true"/>
</engineerTo>
<useDomainConstraints>false</useDomainConstraints>
<use>1</use>
<logicalDatatype>LOGDT019</logicalDatatype>
<dataTypePrecision>3</dataTypePrecision>
<ownDataTypeParameters>,3,</ownDataTypeParameters>
</Attribute>
<Attribute name="Nombre_AFP" id="34E40876-CED7-1D07-3DE0-2E056C3D2825">
<createdBy>angel</createdBy>
<createdTime>2025-09-16 00:55:16 UTC</createdTime>
<ownerDesignName>base</ownerDesignName>
<engineerTo>
<item key="E7701858-A820-0912-DA43-351E8F80C336" value="true"/>
</engineerTo>
<useDomainConstraints>false</useDomainConstraints>
<use>1</use>
<logicalDatatype>LOGDT024</logicalDatatype>
<dataTypeSize>60</dataTypeSize>
<ownDataTypeParameters>60,,</ownDataTypeParameters>
</Attribute>
<Attribute name="RUT" id="17621112-00D3-7A8C-8EAA-FBB4201B152F">
<createdBy>angel</createdBy>
<createdTime>2025-09-16 01:11:38 UTC</createdTime>
<generatorID>542B6C9D-A7C0-1412-C25A-2E8F1585CC7C</generatorID>
<ownerDesignName>base</ownerDesignName>
<engineerTo>
<item key="E7701858-A820-0912-DA43-351E8F80C336" value="true"/>
</engineerTo>
<referedAttribute>B90A93D4-5353-C3F4-807B-6ACA46D45815</referedAttribute>
<useDomainConstraints>false</useDomainConstraints>
<use>1</use>
<logicalDatatype>LOGDT024</logicalDatatype>
<dataTypeSize>12</dataTypeSize>
<ownDataTypeParameters>,,</ownDataTypeParameters>
</Attribute>
</attributes>
<identifiers itemClass="oracle.dbtools.crest.model.design.logical.CandidateKey">
<identifier id="B580282B-23E2-1CC3-478A-D5FB485B8FF6" name="AFP PK">
<createdBy>angel</createdBy>
<createdTime>2025-09-16 00:55:13 UTC</createdTime>
<ownerDesignName>base</ownerDesignName>
<shouldEngineer>false</shouldEngineer>
<engineerTo>
<item key="E7701858-A820-0912-DA43-351E8F80C336" value="false"/>
</engineerTo>
<pk>true</pk>
<usedAttributes>
<attributeRef>51915276-2381-FA37-65AF-A6F7BFBB10BC</attributeRef>
</usedAttributes>
</identifier>
</identifiers>
</Entity>