<?xml version = '1.0' encoding = 'UTF-8'?>
<Entity class="oracle.dbtools.crest.model.design.logical.Entity" directorySegmentName="seg_0" id="C6D4FA2C-59F1-0A74-954C-18FCE3419092" name="REGION">
<createdBy>angel</createdBy>
<createdTime>2025-09-16 00:47:47 UTC</createdTime>
<ownerDesignName>base</ownerDesignName>
<engineerTo>
<item key="E7701858-A820-0912-DA43-351E8F80C336" value="true"/>
</engineerTo>
<adequatelyNormalized>NO</adequatelyNormalized>
<expectedVolumes>0</expectedVolumes>
<fwdEngineeringStrategyName>Single Table</fwdEngineeringStrategyName>
<growthPercent>0</growthPercent>
<growthType>Year</growthType>
<maxVolumes>9999999</maxVolumes>
<minVolumes>0</minVolumes>
<normalForm>Third</normalForm>
<attributes itemClass="oracle.dbtools.crest.model.design.logical.Attribute">
<Attribute name="Cod_Region" id="751EC8ED-56E7-2994-BCEE-0DD5D247C525">
<createdBy>angel</createdBy>
<createdTime>2025-09-16 00:48:10 UTC</createdTime>
<ownerDesignName>base</ownerDesignName>
<engineerTo>
<item key="E7701858-A820-0912-DA43-351E8F80C336" value="true"/>
</engineerTo>
<useDomainConstraints>false</useDomainConstraints>
<use>1</use>
<logicalDatatype>LOGDT019</logicalDatatype>
<dataTypePrecision>2</dataTypePrecision>
<ownDataTypeParameters>,2,</ownDataTypeParameters>
</Attribute>
<Attribute name="Nombre_Region" id="CDBC0D62-BB6F-E5F0-51C9-FEC24C0417CF">
<createdBy>angel</createdBy>
<createdTime>2025-09-16 00:48:47 UTC</createdTime>
<ownerDesignName>base</ownerDesignName>
<engineerTo>
<item key="E7701858-A820-0912-DA43-351E8F80C336" value="true"/>
</engineerTo>
<useDomainConstraints>false</useDomainConstraints>
<use>1</use>
<logicalDatatype>LOGDT024</logicalDatatype>
<dataTypeSize>60</dataTypeSize>
<ownDataTypeParameters>60,,</ownDataTypeParameters>
</Attribute>
<Attribute name="Cod_Comuna" id="38C72EDE-508C-BAC4-7E6D-915778B00219">
<createdBy>angel</createdBy>
<createdTime>2025-09-16 01:16:03 UTC</createdTime>
<generatorID>57FDDF06-9996-A589-2B94-CEED714E0B82</generatorID>
<ownerDesignName>base</ownerDesignName>
<engineerTo>
<item key="E7701858-A820-0912-DA43-351E8F80C336" value="true"/>
</engineerTo>
<referedAttribute>FC760D03-A2DC-4D38-F4C1-5B0B5ED3DB2A</referedAttribute>
<useDomainConstraints>false</useDomainConstraints>
<use>1</use>
<logicalDatatype>LOGDT019</logicalDatatype>
<dataTypePrecision>5</dataTypePrecision>
<ownDataTypeParameters>,,</ownDataTypeParameters>
</Attribute>
</attributes>
<identifiers itemClass="oracle.dbtools.crest.model.design.logical.CandidateKey">
<identifier id="BAA574E6-B697-33C5-4EB9-37146DA1AB06" name="REGION PK">
<createdBy>angel</createdBy>
<createdTime>2025-09-16 00:48:44 UTC</createdTime>
<ownerDesignName>base</ownerDesignName>
<shouldEngineer>false</shouldEngineer>
<engineerTo>
<item key="E7701858-A820-0912-DA43-351E8F80C336" value="false"/>
</engineerTo>
<pk>true</pk>
<usedAttributes>
<attributeRef>751EC8ED-56E7-2994-BCEE-0DD5D247C525</attributeRef>
</usedAttributes>
</identifier>
</identifiers>
</Entity>