<?xml version = '1.0' encoding = 'UTF-8'?>
<Diagram class="oracle.dbtools.crest.swingui.logical.DPVLogical" name="Logical" id="00BA958D-C0EC-B3C3-BCC4-387C6E94E3C1">
<createdBy>angel</createdBy>
<modifiedBy>angel</modifiedBy>
<createdTime>2025-09-16 00:36:05 UTC</createdTime>
<autoRoute>false</autoRoute>
<boxInbox>true</boxInbox>
<showLegend>false</showLegend>
<showLabels>false</showLabels>
<showRelAttributes>false</showRelAttributes>
<gridEnabled>false</gridEnabled>
<showGrid>false</showGrid>
<diagramColor>-1</diagramColor>
<display>false</display>
<notation>1</notation>
<objectViews>
<OView class="oracle.dbtools.crest.swingui.logical.TVEntity" oid="0AC73EFD-733F-D8C1-841F-CB971C608807" otype="Entity" vid="D3870821-8B56-7AA6-F3F8-F2A270C3A841">
<hideElementsInCurrentOnly>false</hideElementsInCurrentOnly>
<bounds x="170" y="66" width="170" height="110"/>
</OView>
<OView class="oracle.dbtools.crest.swingui.logical.TVEntity" oid="10550C31-5C91-B5F6-2D18-246E31E898AD" otype="Entity" vid="18AEA694-DB5C-7B43-EA82-0039A5B9B103">
<hideElementsInCurrentOnly>false</hideElementsInCurrentOnly>
<bounds x="47" y="291" width="198" height="113"/>
</OView>
<OView class="oracle.dbtools.crest.swingui.logical.TVEntity" oid="13432408-652C-D006-3331-7CC38F7A553E" otype="Entity" vid="0D5521D5-538D-D016-2C41-C019C9CE76D3">
<hideElementsInCurrentOnly>false</hideElementsInCurrentOnly>
<bounds x="1069" y="363" width="170" height="110"/>
</OView>
<OView class="oracle.dbtools.crest.swingui.logical.TVEntity" oid="284BFF96-DD7A-FB2B-D200-4C90F8B0F6D2" otype="Entity" vid="0EE9F169-F0C7-751D-BFC0-C23B7A4D8F22">
<hideElementsInCurrentOnly>false</hideElementsInCurrentOnly>
<bounds x="104" y="474" width="170" height="110"/>
</OView>
<OView class="oracle.dbtools.crest.swingui.logical.TVEntity" oid="2863BE91-54E8-A02F-729B-E6B5B7380E10" otype="Entity" vid="882B0447-A89D-9B95-4E3A-2173F58CB9B8">
<hideElementsInCurrentOnly>false</hideElementsInCurrentOnly>
<bounds x="576" y="570" width="170" height="110"/>
</OView>
<OView class="oracle.dbtools.crest.swingui.logical.TVEntity" oid="2EBAAB2C-8A30-B3D5-2172-572B7510BEDA" otype="Entity" vid="BC052410-2DA0-80BC-2774-CEBB820D2C97">
<hideElementsInCurrentOnly>false</hideElementsInCurrentOnly>
<bounds x="484" y="75" width="170" height="110"/>
</OView>
<OView class="oracle.dbtools.crest.swingui.logical.TVEntity" oid="4B259728-6E56-511D-0F8F-D574C54E26DE" otype="Entity" vid="9E95B8EF-D9ED-6966-1D19-A3E714ADD8C0">
<hideElementsInCurrentOnly>false</hideElementsInCurrentOnly>
<bounds x="1074" y="124" width="170" height="149"/>
</OView>
<OView class="oracle.dbtools.crest.swingui.logical.TVEntity" oid="7112F1B5-930B-5C25-46A0-69129F8428B8" otype="Entity" vid="3672933F-F53B-8D07-3AF4-7F2E78BBA38A">
<hideElementsInCurrentOnly>false</hideElementsInCurrentOnly>
<bounds x="312" y="265" width="170" height="184"/>
</OView>
<OView class="oracle.dbtools.crest.swingui.logical.TVEntity" oid="83C4C783-9859-51A4-90A6-48C5E2E93FA8" otype="Entity" vid="448FDBBE-7BAA-2CE2-3836-9E92FCD30BE6">
<hideElementsInCurrentOnly>false</hideElementsInCurrentOnly>
<bounds x="750" y="287" width="170" height="110"/>
</OView>
<OView class="oracle.dbtools.crest.swingui.logical.TVEntity" oid="9378C93D-EE38-6954-9559-33498C209A6E" otype="Entity" vid="E4A498CA-04D3-16B6-C9A5-BBC600EB1969">
<hideElementsInCurrentOnly>false</hideElementsInCurrentOnly>
<bounds x="829" y="520" width="170" height="110"/>
</OView>
<OView class="oracle.dbtools.crest.swingui.logical.TVEntity" oid="9E18F09D-BA81-ECB9-F127-B08FF602C7C3" otype="Entity" vid="58BDDDB1-C850-4A6A-6949-CED28AA4E7D9">
<hideElementsInCurrentOnly>false</hideElementsInCurrentOnly>
<bounds x="742" y="122" width="170" height="110"/>
</OView>
<OView class="oracle.dbtools.crest.swingui.logical.TVEntity" oid="C6D4FA2C-59F1-0A74-954C-18FCE3419092" otype="Entity" vid="05363A7A-4026-C5FA-A9AF-FCB8B824F506">
<hideElementsInCurrentOnly>false</hideElementsInCurrentOnly>
<bounds x="1046" y="529" width="170" height="110"/>
</OView>
</objectViews>
<connectors>
<Connector class="oracle.dbtools.crest.swingui.logical.TVRelation" oid="39FEE189-E245-5B9D-D330-071D34F26A9A" otype="Relation" vid_source="448FDBBE-7BAA-2CE2-3836-9E92FCD30BE6" vid_target="882B0447-A89D-9B95-4E3A-2173F58CB9B8">
<hideElementsInCurrentOnly>false</hideElementsInCurrentOnly>
<backgroundColor>-16777216</backgroundColor>
<lineWidth>1</lineWidth>
<points>
<point x="801" y="397"/>
<point x="694" y="570"/>
</points>
</Connector>
<Connector class="oracle.dbtools.crest.swingui.logical.TVRelation" oid="3D21601A-DE9B-4CA4-E0E1-B597834C2BF2" otype="Relation" vid_source="9E95B8EF-D9ED-6966-1D19-A3E714ADD8C0" vid_target="448FDBBE-7BAA-2CE2-3836-9E92FCD30BE6">
<hideElementsInCurrentOnly>false</hideElementsInCurrentOnly>
<backgroundColor>-16777216</backgroundColor>
<lineWidth>1</lineWidth>
<points>
<point x="1074" y="236"/>
<point x="920" y="304"/>
</points>
</Connector>
<Connector class="oracle.dbtools.crest.swingui.logical.TVRelation" oid="48BCA9B3-612E-6EBF-C038-F7B9C60BB2FB" otype="Relation" vid_source="448FDBBE-7BAA-2CE2-3836-9E92FCD30BE6" vid_target="E4A498CA-04D3-16B6-C9A5-BBC600EB1969">
<hideElementsInCurrentOnly>false</hideElementsInCurrentOnly>
<backgroundColor>-16777216</backgroundColor>
<lineWidth>1</lineWidth>
<points>
<point x="889" y="397"/>
<point x="889" y="520"/>
</points>
</Connector>
<Connector class="oracle.dbtools.crest.swingui.logical.TVRelation" oid="542B6C9D-A7C0-1412-C25A-2E8F1585CC7C" otype="Relation" vid_source="58BDDDB1-C850-4A6A-6949-CED28AA4E7D9" vid_target="3672933F-F53B-8D07-3AF4-7F2E78BBA38A">
<hideElementsInCurrentOnly>false</hideElementsInCurrentOnly>
<backgroundColor>-16777216</backgroundColor>
<lineWidth>1</lineWidth>
</Connector>
<Connector class="oracle.dbtools.crest.swingui.logical.TVRelation" oid="57FDDF06-9996-A589-2B94-CEED714E0B82" otype="Relation" vid_source="05363A7A-4026-C5FA-A9AF-FCB8B824F506" vid_target="0D5521D5-538D-D016-2C41-C019C9CE76D3">
<hideElementsInCurrentOnly>false</hideElementsInCurrentOnly>
<backgroundColor>-16777216</backgroundColor>
<lineWidth>1</lineWidth>
</Connector>
<Connector class="oracle.dbtools.crest.swingui.logical.TVRelation" oid="63DFBFFD-984E-DEDC-D001-4C0C375D1310" otype="Relation" vid_source="D3870821-8B56-7AA6-F3F8-F2A270C3A841" vid_target="3672933F-F53B-8D07-3AF4-7F2E78BBA38A">
<hideElementsInCurrentOnly>false</hideElementsInCurrentOnly>
<backgroundColor>-16777216</backgroundColor>
<lineWidth>1</lineWidth>
</Connector>
<Connector class="oracle.dbtools.crest.swingui.logical.TVRelation" oid="6602531E-3697-9A04-99DA-AA975B6A8B18" otype="Relation" vid_source="3672933F-F53B-8D07-3AF4-7F2E78BBA38A" vid_target="448FDBBE-7BAA-2CE2-3836-9E92FCD30BE6">
<hideElementsInCurrentOnly>false</hideElementsInCurrentOnly>
<backgroundColor>-16777216</backgroundColor>
<lineWidth>1</lineWidth>
<points>
<point x="482" y="342"/>
<point x="750" y="342"/>
</points>
</Connector>
<Connector class="oracle.dbtools.crest.swingui.logical.TVRelation" oid="B2C188D0-1DB9-126F-B058-6C5492A92A93" otype="Relation" vid_source="0EE9F169-F0C7-751D-BFC0-C23B7A4D8F22" vid_target="882B0447-A89D-9B95-4E3A-2173F58CB9B8">
<hideElementsInCurrentOnly>false</hideElementsInCurrentOnly>
<backgroundColor>-16777216</backgroundColor>
<lineWidth>1</lineWidth>
<points>
<point x="274" y="577"/>
<point x="576" y="577"/>
</points>
</Connector>
<Connector class="oracle.dbtools.crest.swingui.logical.TVRelation" oid="D0FA9E22-D12D-4695-8160-9928A37B5689" otype="Relation" vid_source="18AEA694-DB5C-7B43-EA82-0039A5B9B103" vid_target="3672933F-F53B-8D07-3AF4-7F2E78BBA38A">
<hideElementsInCurrentOnly>false</hideElementsInCurrentOnly>
<backgroundColor>-16777216</backgroundColor>
<lineWidth>1</lineWidth>
</Connector>
<Connector class="oracle.dbtools.crest.swingui.logical.TVRelation" oid="D5C67427-758E-D1FA-5280-120582C60032" otype="Relation" vid_source="BC052410-2DA0-80BC-2774-CEBB820D2C97" vid_target="3672933F-F53B-8D07-3AF4-7F2E78BBA38A">
<hideElementsInCurrentOnly>false</hideElementsInCurrentOnly>
<backgroundColor>-16777216</backgroundColor>
<lineWidth>1</lineWidth>
</Connector>
<Connector class="oracle.dbtools.crest.swingui.logical.TVRelation" oid="E6E991FA-A6F3-1EFB-F872-BB31B75CE5E9" otype="Relation" vid_source="0D5521D5-538D-D016-2C41-C019C9CE76D3" vid_target="9E95B8EF-D9ED-6966-1D19-A3E714ADD8C0">
<hideElementsInCurrentOnly>false</hideElementsInCurrentOnly>
<backgroundColor>-16777216</backgroundColor>
<lineWidth>1</lineWidth>
</Connector>
<Connector class="oracle.dbtools.crest.swingui.logical.TVRelation" oid="E8656BE2-4EC6-625E-7560-C7A6A1229626" otype="Relation" vid_source="3672933F-F53B-8D07-3AF4-7F2E78BBA38A" vid_target="3672933F-F53B-8D07-3AF4-7F2E78BBA38A">
<hideElementsInCurrentOnly>false</hideElementsInCurrentOnly>
<backgroundColor>-16777216</backgroundColor>
<lineWidth>1</lineWidth>
<points>
<point x="482" y="373"/>
<point x="607" y="373"/>
<point x="607" y="574"/>
<point x="412" y="574"/>
<point x="412" y="449"/>
</points>
</Connector>
</connectors>
<displays>
<Display class="oracle.dbtools.crest.swingui.logical.DPVLogical" name="Display_1" id="292CBC15-3769-6C3D-BEE4-A468BBB2DD2E">
<createdBy>angel</createdBy>
<modifiedBy>angel</modifiedBy>
<createdTime>2025-09-16 01:28:33 UTC</createdTime>
<autoRoute>false</autoRoute>
<boxInbox>true</boxInbox>
<showLegend>false</showLegend>
<showLabels>false</showLabels>
<showRelAttributes>false</showRelAttributes>
<gridEnabled>false</gridEnabled>
<showGrid>false</showGrid>
<diagramColor>-1</diagramColor>
<display>true</display>
<notation>1</notation>
<objectViews>
<OView class="oracle.dbtools.crest.swingui.logical.TVEntity" oid="0AC73EFD-733F-D8C1-841F-CB971C608807" otype="Entity" vid="8B56199E-C0B3-D5D5-CEA3-84E5EC882527">
<hideElementsInCurrentOnly>false</hideElementsInCurrentOnly>
<bounds x="25" y="287" width="170" height="110"/>
</OView>
<OView class="oracle.dbtools.crest.swingui.logical.TVEntity" oid="10550C31-5C91-B5F6-2D18-246E31E898AD" otype="Entity" vid="8272B729-FA91-0C84-4965-14FC367859EA">
<hideElementsInCurrentOnly>false</hideElementsInCurrentOnly>
<bounds x="50" y="35" width="198" height="113"/>
</OView>
<OView class="oracle.dbtools.crest.swingui.logical.TVEntity" oid="13432408-652C-D006-3331-7CC38F7A553E" otype="Entity" vid="237B7B9E-5E5A-0516-8786-CC9B2F032ED3">
<hideElementsInCurrentOnly>false</hideElementsInCurrentOnly>
<bounds x="1337" y="357" width="170" height="110"/>
</OView>
<OView class="oracle.dbtools.crest.swingui.logical.TVEntity" oid="284BFF96-DD7A-FB2B-D200-4C90F8B0F6D2" otype="Entity" vid="F5623C01-7A32-7A74-24F2-2664DC12C963">
<hideElementsInCurrentOnly>false</hideElementsInCurrentOnly>
<bounds x="466" y="614" width="170" height="110"/>
</OView>
<OView class="oracle.dbtools.crest.swingui.logical.TVEntity" oid="2863BE91-54E8-A02F-729B-E6B5B7380E10" otype="Entity" vid="C85A02D2-9AA1-42BA-01B2-C8951E9BA562">
<hideElementsInCurrentOnly>false</hideElementsInCurrentOnly>
<bounds x="762" y="594" width="170" height="110"/>
</OView>
<OView class="oracle.dbtools.crest.swingui.logical.TVEntity" oid="2EBAAB2C-8A30-B3D5-2172-572B7510BEDA" otype="Entity" vid="8C59C72F-63A4-15E9-7BFA-81B7DE49AE7E">
<hideElementsInCurrentOnly>false</hideElementsInCurrentOnly>
<bounds x="269" y="26" width="170" height="110"/>
</OView>
<OView class="oracle.dbtools.crest.swingui.logical.TVEntity" oid="4B259728-6E56-511D-0F8F-D574C54E26DE" otype="Entity" vid="C8D15F9B-2EE6-C1C2-A359-7FBFC97E6732">
<hideElementsInCurrentOnly>false</hideElementsInCurrentOnly>
<bounds x="1307" y="55" width="170" height="149"/>
</OView>
<OView class="oracle.dbtools.crest.swingui.logical.TVEntity" oid="7112F1B5-930B-5C25-46A0-69129F8428B8" otype="Entity" vid="EB78599C-8EB8-A651-1892-087887BAE441">
<hideElementsInCurrentOnly>false</hideElementsInCurrentOnly>
<bounds x="398" y="272" width="170" height="184"/>
</OView>
<OView class="oracle.dbtools.crest.swingui.logical.TVEntity" oid="83C4C783-9859-51A4-90A6-48C5E2E93FA8" otype="Entity" vid="DEA974B3-95AD-2C42-4682-32C584AC582C">
<hideElementsInCurrentOnly>false</hideElementsInCurrentOnly>
<bounds x="758" y="231" width="170" height="110"/>
</OView>
<OView class="oracle.dbtools.crest.swingui.logical.TVEntity" oid="9378C93D-EE38-6954-9559-33498C209A6E" otype="Entity" vid="5F258CAD-22D5-B271-A11B-81DB0A82D48D">
<hideElementsInCurrentOnly>false</hideElementsInCurrentOnly>
<bounds x="1050" y="446" width="170" height="110"/>
</OView>
<OView class="oracle.dbtools.crest.swingui.logical.TVEntity" oid="9E18F09D-BA81-ECB9-F127-B08FF602C7C3" otype="Entity" vid="2532CB6F-F7C7-9247-0630-98C5948CC99D">
<hideElementsInCurrentOnly>false</hideElementsInCurrentOnly>
<bounds x="469" y="29" width="170" height="110"/>
</OView>
<OView class="oracle.dbtools.crest.swingui.logical.TVEntity" oid="C6D4FA2C-59F1-0A74-954C-18FCE3419092" otype="Entity" vid="54660E09-D4E5-D69A-8917-7CD0EA1B7A7C">
<hideElementsInCurrentOnly>false</hideElementsInCurrentOnly>
<bounds x="1343" y="624" width="170" height="110"/>
</OView>
</objectViews>
<connectors>
<Connector class="oracle.dbtools.crest.swingui.logical.TVRelation" oid="39FEE189-E245-5B9D-D330-071D34F26A9A" otype="Relation" vid_source="DEA974B3-95AD-2C42-4682-32C584AC582C" vid_target="C85A02D2-9AA1-42BA-01B2-C8951E9BA562">
<hideElementsInCurrentOnly>false</hideElementsInCurrentOnly>
<backgroundColor>-16777216</backgroundColor>
<lineWidth>1</lineWidth>
<points>
<point x="845" y="341"/>
<point x="845" y="594"/>
</points>
</Connector>
<Connector class="oracle.dbtools.crest.swingui.logical.TVRelation" oid="3D21601A-DE9B-4CA4-E0E1-B597834C2BF2" otype="Relation" vid_source="C8D15F9B-2EE6-C1C2-A359-7FBFC97E6732" vid_target="DEA974B3-95AD-2C42-4682-32C584AC582C">
<hideElementsInCurrentOnly>false</hideElementsInCurrentOnly>
<backgroundColor>-16777216</backgroundColor>
<lineWidth>1</lineWidth>
<points>
<point x="1307" y="153"/>
<point x="928" y="261"/>
</points>
</Connector>
<Connector class="oracle.dbtools.crest.swingui.logical.TVRelation" oid="48BCA9B3-612E-6EBF-C038-F7B9C60BB2FB" otype="Relation" vid_source="DEA974B3-95AD-2C42-4682-32C584AC582C" vid_target="5F258CAD-22D5-B271-A11B-81DB0A82D48D">
<hideElementsInCurrentOnly>false</hideElementsInCurrentOnly>
<backgroundColor>-16777216</backgroundColor>
<lineWidth>1</lineWidth>
<points>
<point x="917" y="341"/>
<point x="1075" y="446"/>
</points>
</Connector>
<Connector class="oracle.dbtools.crest.swingui.logical.TVRelation" oid="542B6C9D-A7C0-1412-C25A-2E8F1585CC7C" otype="Relation" vid_source="2532CB6F-F7C7-9247-0630-98C5948CC99D" vid_target="EB78599C-8EB8-A651-1892-087887BAE441">
<hideElementsInCurrentOnly>false</hideElementsInCurrentOnly>
<backgroundColor>-16777216</backgroundColor>
<lineWidth>1</lineWidth>
<points>
<point x="533" y="139"/>
<point x="533" y="272"/>
</points>
</Connector>
<Connector class="oracle.dbtools.crest.swingui.logical.TVRelation" oid="57FDDF06-9996-A589-2B94-CEED714E0B82" otype="Relation" vid_source="54660E09-D4E5-D69A-8917-7CD0EA1B7A7C" vid_target="237B7B9E-5E5A-0516-8786-CC9B2F032ED3">
<hideElementsInCurrentOnly>false</hideElementsInCurrentOnly>
<backgroundColor>-16777216</backgroundColor>
<lineWidth>1</lineWidth>
<points>
<point x="1425" y="624"/>
<point x="1425" y="467"/>
</points>
</Connector>
<Connector class="oracle.dbtools.crest.swingui.logical.TVRelation" oid="63DFBFFD-984E-DEDC-D001-4C0C375D1310" otype="Relation" vid_source="8B56199E-C0B3-D5D5-CEA3-84E5EC882527" vid_target="EB78599C-8EB8-A651-1892-087887BAE441">
<hideElementsInCurrentOnly>false</hideElementsInCurrentOnly>
<backgroundColor>-16777216</backgroundColor>
<lineWidth>1</lineWidth>
<points>
<point x="195" y="357"/>
<point x="398" y="357"/>
</points>
</Connector>
<Connector class="oracle.dbtools.crest.swingui.logical.TVRelation" oid="6602531E-3697-9A04-99DA-AA975B6A8B18" otype="Relation" vid_source="EB78599C-8EB8-A651-1892-087887BAE441" vid_target="DEA974B3-95AD-2C42-4682-32C584AC582C">
<hideElementsInCurrentOnly>false</hideElementsInCurrentOnly>
<backgroundColor>-16777216</backgroundColor>
<lineWidth>1</lineWidth>
<points>
<point x="568" y="306"/>
<point x="758" y="306"/>
</points>
</Connector>
<Connector class="oracle.dbtools.crest.swingui.logical.TVRelation" oid="B2C188D0-1DB9-126F-B058-6C5492A92A93" otype="Relation" vid_source="F5623C01-7A32-7A74-24F2-2664DC12C963" vid_target="C85A02D2-9AA1-42BA-01B2-C8951E9BA562">
<hideElementsInCurrentOnly>false</hideElementsInCurrentOnly>
<backgroundColor>-16777216</backgroundColor>
<lineWidth>1</lineWidth>
<points>
<point x="636" y="659"/>
<point x="762" y="659"/>
</points>
</Connector>
<Connector class="oracle.dbtools.crest.swingui.logical.TVRelation" oid="D0FA9E22-D12D-4695-8160-9928A37B5689" otype="Relation" vid_source="8272B729-FA91-0C84-4965-14FC367859EA" vid_target="EB78599C-8EB8-A651-1892-087887BAE441">
<hideElementsInCurrentOnly>false</hideElementsInCurrentOnly>
<backgroundColor>-16777216</backgroundColor>
<lineWidth>1</lineWidth>
<points>
<point x="218" y="148"/>
<point x="398" y="294"/>
</points>
</Connector>
<Connector class="oracle.dbtools.crest.swingui.logical.TVRelation" oid="D5C67427-758E-D1FA-5280-120582C60032" otype="Relation" vid_source="8C59C72F-63A4-15E9-7BFA-81B7DE49AE7E" vid_target="EB78599C-8EB8-A651-1892-087887BAE441">
<hideElementsInCurrentOnly>false</hideElementsInCurrentOnly>
<backgroundColor>-16777216</backgroundColor>
<lineWidth>1</lineWidth>
<points>
<point x="433" y="136"/>
<point x="433" y="272"/>
</points>
</Connector>
<Connector class="oracle.dbtools.crest.swingui.logical.TVRelation" oid="E6E991FA-A6F3-1EFB-F872-BB31B75CE5E9" otype="Relation" vid_source="237B7B9E-5E5A-0516-8786-CC9B2F032ED3" vid_target="C8D15F9B-2EE6-C1C2-A359-7FBFC97E6732">
<hideElementsInCurrentOnly>false</hideElementsInCurrentOnly>
<backgroundColor>-16777216</backgroundColor>
<lineWidth>1</lineWidth>
<points>
<point x="1422" y="357"/>
<point x="1422" y="204"/>
</points>
</Connector>
<Connector class="oracle.dbtools.crest.swingui.logical.TVRelation" oid="E8656BE2-4EC6-625E-7560-C7A6A1229626" otype="Relation" vid_source="EB78599C-8EB8-A651-1892-087887BAE441" vid_target="EB78599C-8EB8-A651-1892-087887BAE441">
<hideElementsInCurrentOnly>false</hideElementsInCurrentOnly>
<backgroundColor>-16777216</backgroundColor>
<lineWidth>1</lineWidth>
<points>
<point x="568" y="380"/>
<point x="643" y="380"/>
<point x="643" y="531"/>
<point x="498" y="531"/>
<point x="498" y="456"/>
</points>
</Connector>
</connectors>
</Display>
</displays>
</Diagram>