<?xml version = '1.0' encoding = 'UTF-8'?>
<Relation class="oracle.dbtools.crest.model.design.logical.Relation" name="Relation_13" directorySegmentName="seg_0" id="39FEE189-E245-5B9D-D330-071D34F26A9A">
<createdBy>angel</createdBy>
<createdTime>2025-09-16 01:16:39 UTC</createdTime>
<ownerDesignName>base</ownerDesignName>
<engineerTo>
<item key="E7701858-A820-0912-DA43-351E8F80C336" value="true"/>
</engineerTo>
<sourcePk>FF6E7CCB-C807-23BD-0375-20FE182D1823</sourcePk>
<identifying>false</identifying>
<optionalSource>true</optionalSource>
<optionalTarget>false</optionalTarget>
<sourceCardinality>1</sourceCardinality>
<sourceEntity>83C4C783-9859-51A4-90A6-48C5E2E93FA8</sourceEntity>
<targetCardinalityString>*</targetCardinalityString>
<targetEntity>2863BE91-54E8-A02F-729B-E6B5B7380E10</targetEntity>
<transferable>true</transferable>
<deleteRule>NO ACTION</deleteRule>
</Relation>