<?xml version = '1.0' encoding = 'UTF-8'?>
<Relation class="oracle.dbtools.crest.model.design.logical.Relation" name="Relation_1" directorySegmentName="seg_0" id="3D21601A-DE9B-4CA4-E0E1-B597834C2BF2">
<createdBy>angel</createdBy>
<createdTime>2025-09-16 01:08:44 UTC</createdTime>
<ownerDesignName>base</ownerDesignName>
<engineerTo>
<item key="E7701858-A820-0912-DA43-351E8F80C336" value="true"/>
</engineerTo>
<sourcePk>A30B6592-099D-B4EA-BA3E-049ECDC6BFAB</sourcePk>
<targetPk>FF6E7CCB-C807-23BD-0375-20FE182D1823</targetPk>
<identifying>false</identifying>
<optionalSource>true</optionalSource>
<optionalTarget>false</optionalTarget>
<sourceCardinality>1</sourceCardinality>
<sourceEntity>4B259728-6E56-511D-0F8F-D574C54E26DE</sourceEntity>
<targetCardinalityString>*</targetCardinalityString>
<targetEntity>83C4C783-9859-51A4-90A6-48C5E2E93FA8</targetEntity>
<transferable>true</transferable>
<deleteRule>NO ACTION</deleteRule>
</Relation>