<?xml version = '1.0' encoding = 'UTF-8'?>
<Relation class="oracle.dbtools.crest.model.design.logical.Relation" name="Relation_17" directorySegmentName="seg_0" id="48BCA9B3-612E-6EBF-C038-F7B9C60BB2FB">
<createdBy>angel</createdBy>
<createdTime>2025-09-16 02:36:13 UTC</createdTime>
<ownerDesignName>base</ownerDesignName>
<engineerTo>
<item key="E7701858-A820-0912-DA43-351E8F80C336" value="true"/>
</engineerTo>
<sourcePk>FF6E7CCB-C807-23BD-0375-20FE182D1823</sourcePk>
<targetPk>AB40D097-9E02-6FBA-074A-11CB5DDC2F23</targetPk>
<identifying>false</identifying>
<optionalSource>false</optionalSource>
<optionalTarget>false</optionalTarget>
<sourceCardinality>1</sourceCardinality>
<sourceEntity>83C4C783-9859-51A4-90A6-48C5E2E93FA8</sourceEntity>
<targetCardinalityString>1</targetCardinalityString>
<targetEntity>9378C93D-EE38-6954-9559-33498C209A6E</targetEntity>
<transferable>true</transferable>
<deleteRule>NO ACTION</deleteRule>
</Relation>