<?xml version = '1.0' encoding = 'UTF-8'?>
<Relation class="oracle.dbtools.crest.model.design.logical.Relation" name="Relation_5" directorySegmentName="seg_0" id="542B6C9D-A7C0-1412-C25A-2E8F1585CC7C">
<createdBy>angel</createdBy>
<createdTime>2025-09-16 01:11:38 UTC</createdTime>
<ownerDesignName>base</ownerDesignName>
<engineerTo>
<item key="E7701858-A820-0912-DA43-351E8F80C336" value="true"/>
</engineerTo>
<sourcePk>5D326D14-B62A-9C65-D9FA-5248D244C715</sourcePk>
<identifying>false</identifying>
<optionalSource>true</optionalSource>
<optionalTarget>false</optionalTarget>
<sourceCardinality>1</sourceCardinality>
<sourceEntity>9E18F09D-BA81-ECB9-F127-B08FF602C7C3</sourceEntity>
<targetCardinalityString>*</targetCardinalityString>
<targetEntity>7112F1B5-930B-5C25-46A0-69129F8428B8</targetEntity>
<transferable>true</transferable>
<deleteRule>NO ACTION</deleteRule>
</Relation>