<?xml version = '1.0' encoding = 'UTF-8'?>
<Relation class="oracle.dbtools.crest.model.design.logical.Relation" name="Relation_12" directorySegmentName="seg_0" id="57FDDF06-9996-A589-2B94-CEED714E0B82">
<createdBy>angel</createdBy>
<createdTime>2025-09-16 01:16:03 UTC</createdTime>
<ownerDesignName>base</ownerDesignName>
<engineerTo>
<item key="E7701858-A820-0912-DA43-351E8F80C336" value="true"/>
</engineerTo>
<sourcePk>BAA574E6-B697-33C5-4EB9-37146DA1AB06</sourcePk>
<identifying>false</identifying>
<optionalSource>true</optionalSource>
<optionalTarget>false</optionalTarget>
<sourceCardinality>1</sourceCardinality>
<sourceEntity>C6D4FA2C-59F1-0A74-954C-18FCE3419092</sourceEntity>
<targetCardinalityString>*</targetCardinalityString>
<targetEntity>13432408-652C-D006-3331-7CC38F7A553E</targetEntity>
<transferable>true</transferable>
<deleteRule>NO ACTION</deleteRule>
</Relation>