<?xml version = '1.0' encoding = 'UTF-8'?>
<Relation class="oracle.dbtools.crest.model.design.logical.Relation" name="Relation_6" directorySegmentName="seg_0" id="63DFBFFD-984E-DEDC-D001-4C0C375D1310">
<createdBy>angel</createdBy>
<createdTime>2025-09-16 01:12:34 UTC</createdTime>
<ownerDesignName>base</ownerDesignName>
<engineerTo>
<item key="E7701858-A820-0912-DA43-351E8F80C336" value="true"/>
</engineerTo>
<sourcePk>C32F22F1-96C9-C3B3-E058-FEAEA13A71FE</sourcePk>
<identifying>false</identifying>
<optionalSource>true</optionalSource>
<optionalTarget>false</optionalTarget>
<sourceCardinality>1</sourceCardinality>
<sourceEntity>0AC73EFD-733F-D8C1-841F-CB971C608807</sourceEntity>
<targetCardinalityString>*</targetCardinalityString>
<targetEntity>7112F1B5-930B-5C25-46A0-69129F8428B8</targetEntity>
<transferable>true</transferable>
<deleteRule>NO ACTION</deleteRule>
</Relation>