<?xml version = '1.0' encoding = 'UTF-8'?>
<Relation class="oracle.dbtools.crest.model.design.logical.Relation" name="Relation_2" directorySegmentName="seg_0" id="6602531E-3697-9A04-99DA-AA975B6A8B18">
<createdBy>angel</createdBy>
<createdTime>2025-09-16 01:10:09 UTC</createdTime>
<ownerDesignName>base</ownerDesignName>
<engineerTo>
<item key="E7701858-A820-0912-DA43-351E8F80C336" value="true"/>
</engineerTo>
<sourcePk>5D326D14-B62A-9C65-D9FA-5248D244C715</sourcePk>
<identifying>false</identifying>
<optionalSource>true</optionalSource>
<optionalTarget>false</optionalTarget>
<sourceCardinality>1</sourceCardinality>
<sourceEntity>7112F1B5-930B-5C25-46A0-69129F8428B8</sourceEntity>
<targetCardinalityString>*</targetCardinalityString>
<targetEntity>83C4C783-9859-51A4-90A6-48C5E2E93FA8</targetEntity>
<transferable>true</transferable>
<deleteRule>NO ACTION</deleteRule>
</Relation>