<?xml version = '1.0' encoding = 'UTF-8'?>
<Relation class="oracle.dbtools.crest.model.design.logical.Relation" name="Relation_14" directorySegmentName="seg_0" id="B2C188D0-1DB9-126F-B058-6C5492A92A93">
<createdBy>angel</createdBy>
<createdTime>2025-09-16 01:17:41 UTC</createdTime>
<ownerDesignName>base</ownerDesignName>
<engineerTo>
<item key="E7701858-A820-0912-DA43-351E8F80C336" value="true"/>
</engineerTo>
<sourcePk>588843F9-A6EA-AB75-21F1-0721D043EAEA</sourcePk>
<identifying>true</identifying>
<optionalSource>true</optionalSource>
<optionalTarget>false</optionalTarget>
<sourceCardinality>1</sourceCardinality>
<sourceEntity>284BFF96-DD7A-FB2B-D200-4C90F8B0F6D2</sourceEntity>
<targetCardinalityString>*</targetCardinalityString>
<targetEntity>2863BE91-54E8-A02F-729B-E6B5B7380E10</targetEntity>
<transferable>true</transferable>
<deleteRule>NO ACTION</deleteRule>
</Relation>