<?xml version = '1.0' encoding = 'UTF-8'?>
<Relation class="oracle.dbtools.crest.model.design.logical.Relation" name="Relation_7" directorySegmentName="seg_0" id="D0FA9E22-D12D-4695-8160-9928A37B5689">
<createdBy>angel</createdBy>
<createdTime>2025-09-16 01:12:57 UTC</createdTime>
<ownerDesignName>base</ownerDesignName>
<engineerTo>
<item key="E7701858-A820-0912-DA43-351E8F80C336" value="true"/>
</engineerTo>
<sourcePk>0577FF87-7548-C26E-12D1-244EC9E547BA</sourcePk>
<identifying>false</identifying>
<optionalSource>true</optionalSource>
<optionalTarget>false</optionalTarget>
<sourceCardinality>1</sourceCardinality>
<sourceEntity>10550C31-5C91-B5F6-2D18-246E31E898AD</sourceEntity>
<targetCardinalityString>*</targetCardinalityString>
<targetEntity>7112F1B5-930B-5C25-46A0-69129F8428B8</targetEntity>
<transferable>true</transferable>
<deleteRule>NO ACTION</deleteRule>
</Relation>