<?xml version = '1.0' encoding = 'UTF-8'?>
<Relation class="oracle.dbtools.crest.model.design.logical.Relation" name="Relation_4" directorySegmentName="seg_0" id="D5C67427-758E-D1FA-5280-120582C60032">
<createdBy>angel</createdBy>
<createdTime>2025-09-16 01:10:44 UTC</createdTime>
<ownerDesignName>base</ownerDesignName>
<engineerTo>
<item key="E7701858-A820-0912-DA43-351E8F80C336" value="true"/>
</engineerTo>
<sourcePk>3AD7ED8A-E232-CA75-1D68-FD69545A88E0</sourcePk>
<identifying>false</identifying>
<optionalSource>true</optionalSource>
<optionalTarget>false</optionalTarget>
<sourceCardinality>1</sourceCardinality>
<sourceEntity>2EBAAB2C-8A30-B3D5-2172-572B7510BEDA</sourceEntity>
<targetCardinalityString>*</targetCardinalityString>
<targetEntity>7112F1B5-930B-5C25-46A0-69129F8428B8</targetEntity>
<transferable>true</transferable>
<deleteRule>NO ACTION</deleteRule>
</Relation>