<?xml version = '1.0' encoding = 'UTF-8'?>
<Relation class="oracle.dbtools.crest.model.design.logical.Relation" name="Relation_11" directorySegmentName="seg_0" id="E6E991FA-A6F3-1EFB-F872-BB31B75CE5E9">
<createdBy>angel</createdBy>
<createdTime>2025-09-16 01:15:29 UTC</createdTime>
<ownerDesignName>base</ownerDesignName>
<engineerTo>
<item key="E7701858-A820-0912-DA43-351E8F80C336" value="true"/>
</engineerTo>
<sourcePk>DDB66523-FB8C-1DB1-6DD8-C94C150CE970</sourcePk>
<identifying>false</identifying>
<optionalSource>true</optionalSource>
<optionalTarget>false</optionalTarget>
<sourceCardinality>1</sourceCardinality>
<sourceEntity>13432408-652C-D006-3331-7CC38F7A553E</sourceEntity>
<targetCardinalityString>*</targetCardinalityString>
<targetEntity>4B259728-6E56-511D-0F8F-D574C54E26DE</targetEntity>
<transferable>true</transferable>
<deleteRule>NO ACTION</deleteRule>
</Relation>