<?xml version = '1.0' encoding = 'UTF-8'?>
<Relation class="oracle.dbtools.crest.model.design.logical.Relation" name="Relation_16" directorySegmentName="seg_0" id="E8656BE2-4EC6-625E-7560-C7A6A1229626">
<createdBy>angel</createdBy>
<createdTime>2025-09-16 02:09:40 UTC</createdTime>
<ownerDesignName>base</ownerDesignName>
<engineerTo>
<item key="E7701858-A820-0912-DA43-351E8F80C336" value="true"/>
</engineerTo>
<targetPk>5D326D14-B62A-9C65-D9FA-5248D244C715</targetPk>
<identifying>false</identifying>
<nameOnSource>SUPERVISOR</nameOnSource>
<nameOnTarget>SUBORDINADO</nameOnTarget>
<optionalSource>true</optionalSource>
<optionalTarget>true</optionalTarget>
<sourceCardinality>1</sourceCardinality>
<sourceEntity>7112F1B5-930B-5C25-46A0-69129F8428B8</sourceEntity>
<targetCardinalityString>*</targetCardinalityString>
<targetEntity>7112F1B5-930B-5C25-46A0-69129F8428B8</targetEntity>
<transferable>true</transferable>
<deleteRule>NO ACTION</deleteRule>
</Relation>