<?xml version = '1.0' encoding = 'UTF-8'?>
<Table class="oracle.dbtools.crest.model.design.relational.Table" directorySegmentName="seg_0" id="10783675-939E-DAFE-7FD7-0DABB68DB910" name="SOLICITUD_EXAMEN">
<createdBy>angel</createdBy>
<createdTime>2025-09-16 01:31:50 UTC</createdTime>
<generatorID>2863BE91-54E8-A02F-729B-E6B5B7380E10</generatorID>
<ownerDesignName>base</ownerDesignName>
<allowColumnReorder>false</allowColumnReorder>
<existDependencyGenerateInDDl>true</existDependencyGenerateInDDl>
<parsed>true</parsed>
<columns itemClass="oracle.dbtools.crest.model.design.relational.Column">
<Column name="ID_Solicitud" id="36672421-F33C-1131-C48A-A069EE77CE8F">
<createdBy>angel</createdBy>
<createdTime>2025-09-16 01:31:50 UTC</createdTime>
<generatorID>BFF7DD38-CE95-388B-3C86-571BC0AA978E</generatorID>
<ownerDesignName>base</ownerDesignName>
<useDomainConstraints>false</useDomainConstraints>
<use>1</use>
<logicalDatatype>LOGDT019</logicalDatatype>
<dataTypePrecision>12</dataTypePrecision>
<ownDataTypeParameters>,12,</ownDataTypeParameters>
<autoIncrementCycle>false</autoIncrementCycle>
</Column>
<Column name="ID_Atencion" id="6128E95D-7BF1-27F7-EC7F-DB91900ECD5E">
<createdBy>angel</createdBy>
<createdTime>2025-09-16 01:31:50 UTC</createdTime>
<generatorID>E4808EC7-0687-F6FC-5E58-5D96E08C3FAC</generatorID>
<ownerDesignName>base</ownerDesignName>
<useDomainConstraints>false</useDomainConstraints>
<use>1</use>
<logicalDatatype>LOGDT019</logicalDatatype>
<dataTypePrecision>10</dataTypePrecision>
<ownDataTypeParameters>,10,</ownDataTypeParameters>
<autoIncrementCycle>false</autoIncrementCycle>
</Column>
<Column name="Cod_Examen" id="F5D0A050-C53A-B207-480F-27B9D2CB8F5C">
<createdBy>angel</createdBy>
<createdTime>2025-09-16 01:31:50 UTC</createdTime>
<generatorID>5F97EE84-2C21-BC9E-4BDF-D938E9A83ACA</generatorID>
<ownerDesignName>base</ownerDesignName>
<useDomainConstraints>false</useDomainConstraints>
<use>1</use>
<logicalDatatype>LOGDT019</logicalDatatype>
<dataTypePrecision>5</dataTypePrecision>
<ownDataTypeParameters>,5,</ownDataTypeParameters>
<autoIncrementCycle>false</autoIncrementCycle>
</Column>
<Column name="Resultado" id="0DC1BDC3-E77F-8522-9CAF-E929572185A1">
<createdBy>angel</createdBy>
<createdTime>2025-09-16 01:31:50 UTC</createdTime>
<generatorID>B88EB99F-C969-0C61-8E67-79220AF584D6</generatorID>
<ownerDesignName>base</ownerDesignName>
<nullsAllowed>true</nullsAllowed>
<useDomainConstraints>false</useDomainConstraints>
<use>1</use>
<logicalDatatype>LOGDT024</logicalDatatype>
<dataTypeSize>200</dataTypeSize>
<ownDataTypeParameters>200,,</ownDataTypeParameters>
<autoIncrementCycle>false</autoIncrementCycle>
</Column>
<Column name="Examen_Laboratorio_Cod_Examen" id="630C73FB-96B0-71E1-B5DC-2E010732A7D7">
<createdBy>angel</createdBy>
<createdTime>2025-09-16 01:31:50 UTC</createdTime>
<generatorID>11E4903C-0BF9-BDCA-B737-F9F61F887330</generatorID>
<ownerDesignName>base</ownerDesignName>
<useDomainConstraints>false</useDomainConstraints>
<use>1</use>
<logicalDatatype>LOGDT019</logicalDatatype>
<dataTypePrecision>5</dataTypePrecision>
<ownDataTypeParameters>,,</ownDataTypeParameters>
<previousColumn>false</previousColumn>
<autoIncrementCycle>false</autoIncrementCycle>
<associations>
<colAssociation fkAssociation="D7261418-C01D-ECD4-9815-5E4B3696D225" referredColumn="F8D98E75-CBBA-59EB-DF82-F5BDFD0174AE"/>
</associations>
</Column>
<Column name="ATENCION_MEDICA_Id_Atencion" id="FF5875EB-E1B8-E4B7-80A2-892C009B0B96">
<createdBy>angel</createdBy>
<createdTime>2025-09-16 02:15:32 UTC</createdTime>
<generatorID>DF7B21EF-D6B0-1F7D-7EA5-6C7D7836C5D4</generatorID>
<ownerDesignName>base</ownerDesignName>
<useDomainConstraints>false</useDomainConstraints>
<use>1</use>
<logicalDatatype>LOGDT019</logicalDatatype>
<dataTypePrecision>10</dataTypePrecision>
<ownDataTypeParameters>,,</ownDataTypeParameters>
<previousColumn>false</previousColumn>
<autoIncrementCycle>false</autoIncrementCycle>
<associations>
<colAssociation fkAssociation="67E77B4E-3E34-5719-419A-EB07671E08CB" referredColumn="2E984C90-E5AC-CDD9-73EC-E0104A702F79"/>
</associations>
</Column>
</columns>
<indexes itemClass="oracle.dbtools.crest.model.design.relational.Index">
<ind_PK_UK id="5032ACB4-5AC2-DA1F-10A5-9A5D722C20E2" name="SOLICITUD_EXAMEN_PK">
<createdBy>angel</createdBy>
<createdTime>2025-09-16 01:31:50 UTC</createdTime>
<generatorID>ACE03E9F-F1C8-1709-F628-027AD4EB1131</generatorID>
<ownerDesignName>base</ownerDesignName>
<pk>true</pk>
<indexState>Primary Constraint</indexState>
<isSurrogateKey>false</isSurrogateKey>
<indexColumnUsage>
<colUsage columnID="36672421-F33C-1131-C48A-A069EE77CE8F"/>
<colUsage columnID="630C73FB-96B0-71E1-B5DC-2E010732A7D7"/>
</indexColumnUsage>
</ind_PK_UK>
<ind_PK_UK id="F2248CEF-3FBC-3CB6-A00A-2C607D80E5A3" name="SOLICITUD_EXAMEN_Examen_Laboratorio_FK">
<createdBy>angel</createdBy>
<createdTime>2025-09-16 01:31:50 UTC</createdTime>
<generatorID>B2C188D0-1DB9-126F-B058-6C5492A92A93</generatorID>
<ownerDesignName>base</ownerDesignName>
<indexState>Foreign Key</indexState>
<isSurrogateKey>false</isSurrogateKey>
<indexColumnUsage>
<colUsage columnID="630C73FB-96B0-71E1-B5DC-2E010732A7D7"/>
</indexColumnUsage>
</ind_PK_UK>
<ind_PK_UK id="50168E0F-3189-9B29-72E3-560DAF2BCDC5" name="SOLICITUD_EXAMEN_ATENCION_MEDICA_FK">
<createdBy>angel</createdBy>
<createdTime>2025-09-16 02:15:32 UTC</createdTime>
<generatorID>39FEE189-E245-5B9D-D330-071D34F26A9A</generatorID>
<ownerDesignName>base</ownerDesignName>
<indexState>Foreign Key</indexState>
<isSurrogateKey>false</isSurrogateKey>
<indexColumnUsage>
<colUsage columnID="FF5875EB-E1B8-E4B7-80A2-892C009B0B96"/>
</indexColumnUsage>
</ind_PK_UK>
</indexes>
</Table>