<?xml version = '1.0' encoding = 'UTF-8'?>
<Table class="oracle.dbtools.crest.model.design.relational.Table" directorySegmentName="seg_0" id="46415F3C-0531-94F6-C324-EDACEE2F31D4" name="PAGO_ATENCION">
<createdBy>angel</createdBy>
<createdTime>2025-09-16 01:31:50 UTC</createdTime>
<generatorID>9378C93D-EE38-6954-9559-33498C209A6E</generatorID>
<ownerDesignName>base</ownerDesignName>
<allowColumnReorder>false</allowColumnReorder>
<existDependencyGenerateInDDl>true</existDependencyGenerateInDDl>
<parsed>true</parsed>
<columns itemClass="oracle.dbtools.crest.model.design.relational.Column">
<Column name="Id_Pago" id="97580458-0ADB-AEA6-DBCF-2D3E3D0454A4">
<createdBy>angel</createdBy>
<createdTime>2025-09-16 01:31:50 UTC</createdTime>
<generatorID>41491906-1AEB-7D02-C81F-D600711A15C2</generatorID>
<ownerDesignName>base</ownerDesignName>
<useDomainConstraints>false</useDomainConstraints>
<use>1</use>
<logicalDatatype>LOGDT019</logicalDatatype>
<dataTypePrecision>10</dataTypePrecision>
<ownDataTypeParameters>,10,</ownDataTypeParameters>
<autoIncrementCycle>false</autoIncrementCycle>
</Column>
<Column name="Monto" id="2B9DF983-E0CD-18A8-07C6-01FC2D7146E3">
<createdBy>angel</createdBy>
<createdTime>2025-09-16 01:31:50 UTC</createdTime>
<generatorID>E850B8A5-7140-B355-A1F6-300CEDAA638D</generatorID>
<ownerDesignName>base</ownerDesignName>
<useDomainConstraints>false</useDomainConstraints>
<use>1</use>
<logicalDatatype>LOGDT019</logicalDatatype>
<dataTypePrecision>10</dataTypePrecision>
<ownDataTypeParameters>,10,</ownDataTypeParameters>
<autoIncrementCycle>false</autoIncrementCycle>
</Column>
<Column name="Tipo_Pago" id="99B1F8CB-B1A9-0438-42F8-4A470E5EA2FF">
<createdBy>angel</createdBy>
<createdTime>2025-09-16 01:31:50 UTC</createdTime>
<generatorID>8920D4E8-AAD0-313F-C0E2-DC55BA0DA4F9</generatorID>
<ownerDesignName>base</ownerDesignName>
<useDomainConstraints>false</useDomainConstraints>
<use>1</use>
<logicalDatatype>LOGDT024</logicalDatatype>
<dataTypeSize>12</dataTypeSize>
<ownDataTypeParameters>12,,</ownDataTypeParameters>
<autoIncrementCycle>false</autoIncrementCycle>
</Column>
<Column name="ID_Atencion" id="F51AEA46-BCBA-B9AD-32BD-C11CCBEFF93E">
<createdBy>angel</createdBy>
<createdTime>2025-09-16 01:31:50 UTC</createdTime>
<generatorID>7DF884D5-6D63-C0DF-7DB9-A6F7A11D90EE</generatorID>
<ownerDesignName>base</ownerDesignName>
<useDomainConstraints>false</useDomainConstraints>
<use>1</use>
<logicalDatatype>LOGDT019</logicalDatatype>
<dataTypePrecision>10</dataTypePrecision>
<ownDataTypeParameters>,10,</ownDataTypeParameters>
<autoIncrementCycle>false</autoIncrementCycle>
</Column>
<Column name="ATENCION_MEDICA_Id_Atencion" id="31499AFF-9DC7-37D9-96DC-6F05D55FA7E0">
<createdBy>angel</createdBy>
<createdTime>2025-09-16 01:31:50 UTC</createdTime>
<generatorID>8E335BE3-2065-D0D7-FCD5-F4452BBD315F</generatorID>
<ownerDesignName>base</ownerDesignName>
<useDomainConstraints>false</useDomainConstraints>
<use>1</use>
<logicalDatatype>LOGDT019</logicalDatatype>
<dataTypePrecision>10</dataTypePrecision>
<ownDataTypeParameters>,,</ownDataTypeParameters>
<previousColumn>false</previousColumn>
<autoIncrementCycle>false</autoIncrementCycle>
<associations>
<colAssociation fkAssociation="8C9FF4CF-41B0-5A8F-F370-153AF0C3748D" referredColumn="2E984C90-E5AC-CDD9-73EC-E0104A702F79"/>
</associations>
</Column>
<Column name="ATENCION_MEDICA_Id_Atencion2" id="0C8E7E62-E3FF-EFB0-3700-3BD2710EFEB7">
<createdBy>angel</createdBy>
<createdTime>2025-09-16 02:39:41 UTC</createdTime>
<generatorID>C8740F13-DB5C-84C8-B090-5214DF54E4BB</generatorID>
<ownerDesignName>base</ownerDesignName>
<useDomainConstraints>false</useDomainConstraints>
<use>1</use>
<logicalDatatype>LOGDT019</logicalDatatype>
<dataTypePrecision>10</dataTypePrecision>
<ownDataTypeParameters>,,</ownDataTypeParameters>
<previousColumn>false</previousColumn>
<autoIncrementCycle>false</autoIncrementCycle>
<associations>
<colAssociation fkAssociation="77D6046A-BCDE-D115-E5AA-074E09E64754" referredColumn="2E984C90-E5AC-CDD9-73EC-E0104A702F79"/>
</associations>
</Column>
</columns>
<indexes itemClass="oracle.dbtools.crest.model.design.relational.Index">
<ind_PK_UK id="FA221AEE-3152-B74E-7E28-23B213CB8FC4" name="PAGO_ATENCION_PK">
<createdBy>angel</createdBy>
<createdTime>2025-09-16 01:31:50 UTC</createdTime>
<generatorID>AB40D097-9E02-6FBA-074A-11CB5DDC2F23</generatorID>
<ownerDesignName>base</ownerDesignName>
<pk>true</pk>
<indexState>Primary Constraint</indexState>
<isSurrogateKey>false</isSurrogateKey>
<indexColumnUsage>
<colUsage columnID="97580458-0ADB-AEA6-DBCF-2D3E3D0454A4"/>
</indexColumnUsage>
</ind_PK_UK>
<ind_PK_UK id="1AD38DB4-C6BB-1475-ABEB-5880455068D6" name="PAGO_ATENCION__IDX">
<createdBy>angel</createdBy>
<createdTime>2025-09-16 01:31:50 UTC</createdTime>
<ownerDesignName>base</ownerDesignName>
<indexState>Unique Plain Index</indexState>
<isSurrogateKey>false</isSurrogateKey>
<relationGeneratorID>AA196FC6-C0B4-0830-B816-24A76ABDFD56</relationGeneratorID>
<indexColumnUsage>
<colUsage columnID="31499AFF-9DC7-37D9-96DC-6F05D55FA7E0"/>
</indexColumnUsage>
</ind_PK_UK>
<ind_PK_UK id="9D25B0B9-8374-C926-11E2-94A80E30EDF2" name="PAGO_ATENCION__IDXv1">
<createdBy>angel</createdBy>
<createdTime>2025-09-16 02:39:41 UTC</createdTime>
<ownerDesignName>base</ownerDesignName>
<indexState>Unique Plain Index</indexState>
<isSurrogateKey>false</isSurrogateKey>
<relationGeneratorID>48BCA9B3-612E-6EBF-C038-F7B9C60BB2FB</relationGeneratorID>
<indexColumnUsage>
<colUsage columnID="0C8E7E62-E3FF-EFB0-3700-3BD2710EFEB7"/>
</indexColumnUsage>
</ind_PK_UK>
<ind_PK_UK id="8838E83A-C590-8FB2-91BC-CAFD07AC3D0F" name="PAGO_ATENCION_ATENCION_MEDICA_FK">
<createdBy>angel</createdBy>
<createdTime>2025-09-16 01:31:50 UTC</createdTime>
<generatorID>AA196FC6-C0B4-0830-B816-24A76ABDFD56</generatorID>
<ownerDesignName>base</ownerDesignName>
<indexState>Foreign Key</indexState>
<isSurrogateKey>false</isSurrogateKey>
<indexColumnUsage>
<colUsage columnID="31499AFF-9DC7-37D9-96DC-6F05D55FA7E0"/>
</indexColumnUsage>
</ind_PK_UK>
<ind_PK_UK id="587574AA-1EBF-0FA7-9D0C-4AF596404918" name="PAGO_ATENCION_ATENCION_MEDICA_FKv2">
<createdBy>angel</createdBy>
<createdTime>2025-09-16 02:39:41 UTC</createdTime>
<generatorID>48BCA9B3-612E-6EBF-C038-F7B9C60BB2FB</generatorID>
<ownerDesignName>base</ownerDesignName>
<indexState>Foreign Key</indexState>
<isSurrogateKey>false</isSurrogateKey>
<indexColumnUsage>
<colUsage columnID="0C8E7E62-E3FF-EFB0-3700-3BD2710EFEB7"/>
</indexColumnUsage>
</ind_PK_UK>
</indexes>
</Table>