<?xml version = '1.0' encoding = 'UTF-8'?>
<Table class="oracle.dbtools.crest.model.design.relational.Table" directorySegmentName="seg_0" id="6642BF01-DA25-C53F-FDAA-540348836512" name="COMUNA">
<createdBy>angel</createdBy>
<createdTime>2025-09-16 01:31:50 UTC</createdTime>
<generatorID>13432408-652C-D006-3331-7CC38F7A553E</generatorID>
<ownerDesignName>base</ownerDesignName>
<allowColumnReorder>false</allowColumnReorder>
<existDependencyGenerateInDDl>true</existDependencyGenerateInDDl>
<parsed>true</parsed>
<columns itemClass="oracle.dbtools.crest.model.design.relational.Column">
<Column name="Cod_Comuna" id="8DB06830-FBC1-8460-8C71-E3C23300F0F7">
<createdBy>angel</createdBy>
<createdTime>2025-09-16 01:31:50 UTC</createdTime>
<generatorID>FC760D03-A2DC-4D38-F4C1-5B0B5ED3DB2A</generatorID>
<ownerDesignName>base</ownerDesignName>
<useDomainConstraints>false</useDomainConstraints>
<use>1</use>
<logicalDatatype>LOGDT019</logicalDatatype>
<dataTypePrecision>5</dataTypePrecision>
<ownDataTypeParameters>,5,</ownDataTypeParameters>
<autoIncrementCycle>false</autoIncrementCycle>
</Column>
<Column name="Nombre_Comuna" id="BA6D0B3F-9CB9-8F50-D05B-355032EBAB6A">
<createdBy>angel</createdBy>
<createdTime>2025-09-16 01:31:50 UTC</createdTime>
<generatorID>A2999B7D-4E24-04D5-B33A-0DC950EB92AF</generatorID>
<ownerDesignName>base</ownerDesignName>
<useDomainConstraints>false</useDomainConstraints>
<use>1</use>
<logicalDatatype>LOGDT024</logicalDatatype>
<dataTypeSize>60</dataTypeSize>
<ownDataTypeParameters>60,,</ownDataTypeParameters>
<autoIncrementCycle>false</autoIncrementCycle>
</Column>
<Column name="Cod_Region" id="B0333922-BB5E-DDE2-EE42-53F4FAABADB0">
<createdBy>angel</createdBy>
<createdTime>2025-09-16 01:31:50 UTC</createdTime>
<generatorID>28502ABA-AAAE-0D6E-F5D7-24935105A6FB</generatorID>
<ownerDesignName>base</ownerDesignName>
<useDomainConstraints>false</useDomainConstraints>
<use>1</use>
<logicalDatatype>LOGDT019</logicalDatatype>
<dataTypePrecision>2</dataTypePrecision>
<ownDataTypeParameters>,2,</ownDataTypeParameters>
<autoIncrementCycle>false</autoIncrementCycle>
</Column>
<Column name="RUT" id="7ACD8C8C-84AF-3082-5631-3C8B9DF36BAD">
<createdBy>angel</createdBy>
<createdTime>2025-09-16 01:31:50 UTC</createdTime>
<generatorID>1689A8BA-2B5D-5240-E7E8-FF49DF713B8B</generatorID>
<ownerDesignName>base</ownerDesignName>
<useDomainConstraints>false</useDomainConstraints>
<use>1</use>
<logicalDatatype>LOGDT024</logicalDatatype>
<ownDataTypeParameters>,,</ownDataTypeParameters>
<previousColumn>false</previousColumn>
<autoIncrementCycle>false</autoIncrementCycle>
</Column>
<Column name="Cod_Comuna1" id="8DD6CAFA-E0B0-0917-1872-EC81CDBD34E0">
<createdBy>angel</createdBy>
<createdTime>2025-09-16 02:15:32 UTC</createdTime>
<generatorID>1C38390F-1CF7-9C29-4E8C-D0D3F9E9DCD1</generatorID>
<ownerDesignName>base</ownerDesignName>
<useDomainConstraints>false</useDomainConstraints>
<use>1</use>
<logicalDatatype>LOGDT019</logicalDatatype>
<ownDataTypeParameters>,,</ownDataTypeParameters>
<previousColumn>false</previousColumn>
<autoIncrementCycle>false</autoIncrementCycle>
</Column>
<Column name="Cod_Region1" id="C2129BF5-23BF-D23F-1766-1652E08B6149">
<createdBy>angel</createdBy>
<createdTime>2025-09-16 02:39:41 UTC</createdTime>
<generatorID>BFF3EF23-7883-7EED-16FE-A19DC4DBF76A</generatorID>
<ownerDesignName>base</ownerDesignName>
<useDomainConstraints>false</useDomainConstraints>
<use>1</use>
<logicalDatatype>LOGDT019</logicalDatatype>
<dataTypePrecision>2</dataTypePrecision>
<ownDataTypeParameters>,,</ownDataTypeParameters>
<previousColumn>false</previousColumn>
<autoIncrementCycle>false</autoIncrementCycle>
<associations>
<colAssociation fkAssociation="27F14156-9A9F-AA7E-CCBA-07E6B77459FF" referredColumn="2E27C15D-9891-BDEA-417F-75D645CAFBF2"/>
</associations>
</Column>
</columns>
<indexes itemClass="oracle.dbtools.crest.model.design.relational.Index">
<ind_PK_UK id="49C570FC-C6ED-A2EC-BC41-7050B4CC8D4F" name="COMUNA_PK">
<createdBy>angel</createdBy>
<createdTime>2025-09-16 01:31:50 UTC</createdTime>
<generatorID>DDB66523-FB8C-1DB1-6DD8-C94C150CE970</generatorID>
<ownerDesignName>base</ownerDesignName>
<pk>true</pk>
<indexState>Primary Constraint</indexState>
<isSurrogateKey>false</isSurrogateKey>
<indexColumnUsage>
<colUsage columnID="8DB06830-FBC1-8460-8C71-E3C23300F0F7"/>
</indexColumnUsage>
</ind_PK_UK>
<ind_PK_UK id="B6F30DE6-484D-CDE6-9DD8-BEFF749596DB" name="COMUNA__IDX">
<createdBy>angel</createdBy>
<createdTime>2025-09-16 01:31:50 UTC</createdTime>
<ownerDesignName>base</ownerDesignName>
<indexState>Unique Plain Index</indexState>
<isSurrogateKey>false</isSurrogateKey>
<relationGeneratorID>E6E991FA-A6F3-1EFB-F872-BB31B75CE5E9</relationGeneratorID>
<indexColumnUsage>
<colUsage columnID="7ACD8C8C-84AF-3082-5631-3C8B9DF36BAD"/>
</indexColumnUsage>
</ind_PK_UK>
<ind_PK_UK id="F8A65B06-C8BB-485B-1D80-F830DA06F9F7" name="COMUNA_REGION_FK">
<createdBy>angel</createdBy>
<createdTime>2025-09-16 02:15:32 UTC</createdTime>
<generatorID>57FDDF06-9996-A589-2B94-CEED714E0B82</generatorID>
<ownerDesignName>base</ownerDesignName>
<indexState>Foreign Key</indexState>
<isSurrogateKey>false</isSurrogateKey>
<indexColumnUsage>
<colUsage columnID="C2129BF5-23BF-D23F-1766-1652E08B6149"/>
</indexColumnUsage>
</ind_PK_UK>
</indexes>
</Table>