<?xml version = '1.0' encoding = 'UTF-8'?>
<Table class="oracle.dbtools.crest.model.design.relational.Table" directorySegmentName="seg_0" id="6E70BFD5-4862-958A-F70E-3EE354F2B46E" name="REGION">
<createdBy>angel</createdBy>
<createdTime>2025-09-16 01:31:50 UTC</createdTime>
<generatorID>C6D4FA2C-59F1-0A74-954C-18FCE3419092</generatorID>
<ownerDesignName>base</ownerDesignName>
<allowColumnReorder>false</allowColumnReorder>
<existDependencyGenerateInDDl>true</existDependencyGenerateInDDl>
<parsed>true</parsed>
<columns itemClass="oracle.dbtools.crest.model.design.relational.Column">
<Column name="Cod_Region" id="2E27C15D-9891-BDEA-417F-75D645CAFBF2">
<createdBy>angel</createdBy>
<createdTime>2025-09-16 01:31:50 UTC</createdTime>
<generatorID>751EC8ED-56E7-2994-BCEE-0DD5D247C525</generatorID>
<ownerDesignName>base</ownerDesignName>
<useDomainConstraints>false</useDomainConstraints>
<use>1</use>
<logicalDatatype>LOGDT019</logicalDatatype>
<dataTypePrecision>2</dataTypePrecision>
<ownDataTypeParameters>,2,</ownDataTypeParameters>
<autoIncrementCycle>false</autoIncrementCycle>
</Column>
<Column name="Nombre_Region" id="C2B9B5D9-1B27-301B-C55D-0C46F273A761">
<createdBy>angel</createdBy>
<createdTime>2025-09-16 01:31:50 UTC</createdTime>
<generatorID>CDBC0D62-BB6F-E5F0-51C9-FEC24C0417CF</generatorID>
<ownerDesignName>base</ownerDesignName>
<useDomainConstraints>false</useDomainConstraints>
<use>1</use>
<logicalDatatype>LOGDT024</logicalDatatype>
<dataTypeSize>60</dataTypeSize>
<ownDataTypeParameters>60,,</ownDataTypeParameters>
<autoIncrementCycle>false</autoIncrementCycle>
</Column>
<Column name="Cod_Comuna" id="A5A028E4-4744-6D32-F293-30BC6C1D9079">
<createdBy>angel</createdBy>
<createdTime>2025-09-16 01:31:50 UTC</createdTime>
<generatorID>38C72EDE-508C-BAC4-7E6D-915778B00219</generatorID>
<ownerDesignName>base</ownerDesignName>
<useDomainConstraints>false</useDomainConstraints>
<use>1</use>
<logicalDatatype>LOGDT019</logicalDatatype>
<ownDataTypeParameters>,,</ownDataTypeParameters>
<previousColumn>false</previousColumn>
<autoIncrementCycle>false</autoIncrementCycle>
</Column>
</columns>
<indexes itemClass="oracle.dbtools.crest.model.design.relational.Index">
<ind_PK_UK id="B26EA0C2-BF72-6732-700D-ED209809A81F" name="REGION_PK">
<createdBy>angel</createdBy>
<createdTime>2025-09-16 01:31:50 UTC</createdTime>
<generatorID>BAA574E6-B697-33C5-4EB9-37146DA1AB06</generatorID>
<ownerDesignName>base</ownerDesignName>
<pk>true</pk>
<indexState>Primary Constraint</indexState>
<isSurrogateKey>false</isSurrogateKey>
<indexColumnUsage>
<colUsage columnID="2E27C15D-9891-BDEA-417F-75D645CAFBF2"/>
</indexColumnUsage>
</ind_PK_UK>
<ind_PK_UK id="68D6314E-015D-AB07-AF7E-E1318F7C85ED" name="REGION__IDX">
<createdBy>angel</createdBy>
<createdTime>2025-09-16 01:31:50 UTC</createdTime>
<ownerDesignName>base</ownerDesignName>
<indexState>Unique Plain Index</indexState>
<isSurrogateKey>false</isSurrogateKey>
<relationGeneratorID>57FDDF06-9996-A589-2B94-CEED714E0B82</relationGeneratorID>
<indexColumnUsage>
<colUsage columnID="A5A028E4-4744-6D32-F293-30BC6C1D9079"/>
</indexColumnUsage>
</ind_PK_UK>
</indexes>
</Table>