<?xml version = '1.0' encoding = 'UTF-8'?>
<Table class="oracle.dbtools.crest.model.design.relational.Table" directorySegmentName="seg_0" id="7E798ECE-B3C4-387E-54F2-CFABD27B2F32" name="MEDICO">
<createdBy>angel</createdBy>
<createdTime>2025-09-16 01:31:50 UTC</createdTime>
<generatorID>7112F1B5-930B-5C25-46A0-69129F8428B8</generatorID>
<ownerDesignName>base</ownerDesignName>
<allowColumnReorder>false</allowColumnReorder>
<existDependencyGenerateInDDl>true</existDependencyGenerateInDDl>
<parsed>true</parsed>
<columns itemClass="oracle.dbtools.crest.model.design.relational.Column">
<Column name="RUT" id="9619AA3C-E282-C5FE-6FCE-C8F14C04DA8E">
<createdBy>angel</createdBy>
<createdTime>2025-09-16 01:31:50 UTC</createdTime>
<generatorID>B90A93D4-5353-C3F4-807B-6ACA46D45815</generatorID>
<ownerDesignName>base</ownerDesignName>
<useDomainConstraints>false</useDomainConstraints>
<use>1</use>
<logicalDatatype>LOGDT024</logicalDatatype>
<dataTypeSize>12</dataTypeSize>
<ownDataTypeParameters>12,,</ownDataTypeParameters>
<autoIncrementCycle>false</autoIncrementCycle>
</Column>
<Column name="Nombre" id="7035DD05-C87F-9703-83A3-61FE71D0445F">
<createdBy>angel</createdBy>
<createdTime>2025-09-16 01:31:50 UTC</createdTime>
<generatorID>FC3C9CEE-53E5-0197-3659-E821E473FC53</generatorID>
<ownerDesignName>base</ownerDesignName>
<useDomainConstraints>false</useDomainConstraints>
<use>1</use>
<logicalDatatype>LOGDT024</logicalDatatype>
<dataTypeSize>60</dataTypeSize>
<ownDataTypeParameters>60,,</ownDataTypeParameters>
<autoIncrementCycle>false</autoIncrementCycle>
</Column>
<Column name="Apellido" id="FC65E55B-2541-FDA3-5BC2-F49B4C7033FE">
<createdBy>angel</createdBy>
<createdTime>2025-09-16 01:31:50 UTC</createdTime>
<generatorID>EADC177C-671E-EF8E-1295-91A342CE4E9E</generatorID>
<ownerDesignName>base</ownerDesignName>
<useDomainConstraints>false</useDomainConstraints>
<use>1</use>
<logicalDatatype>LOGDT024</logicalDatatype>
<dataTypeSize>60</dataTypeSize>
<ownDataTypeParameters>60,,</ownDataTypeParameters>
<autoIncrementCycle>false</autoIncrementCycle>
</Column>
<Column name="Fecha_Ingreso" id="CD9A544E-2951-62FC-C1D9-41D992450BC1">
<createdBy>angel</createdBy>
<createdTime>2025-09-16 01:31:50 UTC</createdTime>
<generatorID>EDBD3680-E0A6-AF2D-5D3E-9DA7ED0110AF</generatorID>
<ownerDesignName>base</ownerDesignName>
<useDomainConstraints>false</useDomainConstraints>
<use>1</use>
<logicalDatatype>LOGDT007</logicalDatatype>
<ownDataTypeParameters>,,</ownDataTypeParameters>
<autoIncrementCycle>false</autoIncrementCycle>
</Column>
<Column name="Cod_Especialidad" id="E93FF7ED-F1BD-B5A4-5C97-B237E3ABAEC6">
<createdBy>angel</createdBy>
<createdTime>2025-09-16 01:31:50 UTC</createdTime>
<generatorID>B1D3F64D-6FFB-9293-C7DA-CF5B5309E08C</generatorID>
<ownerDesignName>base</ownerDesignName>
<useDomainConstraints>false</useDomainConstraints>
<use>1</use>
<logicalDatatype>LOGDT019</logicalDatatype>
<dataTypePrecision>4</dataTypePrecision>
<ownDataTypeParameters>,4,</ownDataTypeParameters>
<autoIncrementCycle>false</autoIncrementCycle>
</Column>
<Column name="Cod_AFP" id="2AB7CC0D-A148-A7CF-459C-0A591E8DA1A1">
<createdBy>angel</createdBy>
<createdTime>2025-09-16 01:31:50 UTC</createdTime>
<generatorID>2F366671-17F2-5B62-9648-21ACB277D61E</generatorID>
<ownerDesignName>base</ownerDesignName>
<useDomainConstraints>false</useDomainConstraints>
<use>1</use>
<logicalDatatype>LOGDT019</logicalDatatype>
<dataTypePrecision>3</dataTypePrecision>
<ownDataTypeParameters>,3,</ownDataTypeParameters>
<autoIncrementCycle>false</autoIncrementCycle>
</Column>
<Column name="Cod_Institucion" id="0D6B6808-5E83-F393-D0D6-05A100337CDE">
<createdBy>angel</createdBy>
<createdTime>2025-09-16 01:31:50 UTC</createdTime>
<generatorID>F90A395D-14E8-035E-6482-9D9BAFA4C15E</generatorID>
<ownerDesignName>base</ownerDesignName>
<useDomainConstraints>false</useDomainConstraints>
<use>1</use>
<logicalDatatype>LOGDT019</logicalDatatype>
<dataTypePrecision>3</dataTypePrecision>
<ownDataTypeParameters>,3,</ownDataTypeParameters>
<autoIncrementCycle>false</autoIncrementCycle>
</Column>
<Column name="Cod_Unidad" id="BBD2DC7A-557D-AB5D-0EEC-424DE574B43D">
<createdBy>angel</createdBy>
<createdTime>2025-09-16 01:31:50 UTC</createdTime>
<generatorID>76BA043D-544A-D776-6718-DC3C8378BA72</generatorID>
<ownerDesignName>base</ownerDesignName>
<useDomainConstraints>false</useDomainConstraints>
<use>1</use>
<logicalDatatype>LOGDT019</logicalDatatype>
<dataTypePrecision>2</dataTypePrecision>
<ownDataTypeParameters>,2,</ownDataTypeParameters>
<autoIncrementCycle>false</autoIncrementCycle>
</Column>
<Column name="RUT_Supervisor" id="E4647DAE-3E35-4E4F-C6D0-E6E9526FB9B1">
<createdBy>angel</createdBy>
<createdTime>2025-09-16 01:31:50 UTC</createdTime>
<generatorID>9BDA446D-9283-C1D3-D97C-F8D241C4FC83</generatorID>
<ownerDesignName>base</ownerDesignName>
<nullsAllowed>true</nullsAllowed>
<useDomainConstraints>false</useDomainConstraints>
<use>1</use>
<logicalDatatype>LOGDT024</logicalDatatype>
<dataTypeSize>12</dataTypeSize>
<ownDataTypeParameters>12,,</ownDataTypeParameters>
<autoIncrementCycle>false</autoIncrementCycle>
</Column>
<Column name="RUT1" id="D8FBBC3C-7197-7A4F-F743-78C50468142A">
<createdBy>angel</createdBy>
<createdTime>2025-09-16 02:15:32 UTC</createdTime>
<generatorID>64AD69B1-25A5-40B3-1471-C918EBBD4822</generatorID>
<ownerDesignName>base</ownerDesignName>
<useDomainConstraints>false</useDomainConstraints>
<use>1</use>
<logicalDatatype>LOGDT024</logicalDatatype>
<ownDataTypeParameters>,,</ownDataTypeParameters>
<previousColumn>false</previousColumn>
<autoIncrementCycle>false</autoIncrementCycle>
</Column>
<Column name="MEDICO_RUT" id="D7888B8A-BA19-3692-A1E3-50A955AB134A">
<createdBy>angel</createdBy>
<createdTime>2025-09-16 02:15:32 UTC</createdTime>
<generatorID>8AB4D5E8-8076-4C9F-66F1-4365F1198187</generatorID>
<ownerDesignName>base</ownerDesignName>
<nullsAllowed>true</nullsAllowed>
<useDomainConstraints>false</useDomainConstraints>
<use>1</use>
<logicalDatatype>LOGDT024</logicalDatatype>
<dataTypeSize>12</dataTypeSize>
<ownDataTypeParameters>,,</ownDataTypeParameters>
<previousColumn>false</previousColumn>
<autoIncrementCycle>false</autoIncrementCycle>
<associations>
<colAssociation fkAssociation="D4A867A4-392F-82C8-C97E-601C77825AE7" referredColumn="9619AA3C-E282-C5FE-6FCE-C8F14C04DA8E"/>
</associations>
</Column>
<Column name="Cod_Especialidad1" id="5C394766-CC2D-A666-0CF9-0A4A21F6F6DF">
<createdBy>angel</createdBy>
<createdTime>2025-09-16 02:39:41 UTC</createdTime>
<generatorID>864508CF-581D-73E8-13E8-DFBFA3C85E84</generatorID>
<ownerDesignName>base</ownerDesignName>
<useDomainConstraints>false</useDomainConstraints>
<use>1</use>
<logicalDatatype>LOGDT019</logicalDatatype>
<dataTypePrecision>4</dataTypePrecision>
<ownDataTypeParameters>,,</ownDataTypeParameters>
<previousColumn>false</previousColumn>
<autoIncrementCycle>false</autoIncrementCycle>
<associations>
<colAssociation fkAssociation="3D269BFC-1C93-F8B4-81FD-4425968D4326" referredColumn="DFFA6441-68E4-C0E7-2987-291CE98C2669"/>
</associations>
</Column>
<Column name="RUT11" id="71F7834D-6B5C-A665-DDF5-58975F42D2DE">
<createdBy>angel</createdBy>
<createdTime>2025-09-16 02:39:41 UTC</createdTime>
<generatorID>C67E1F18-1B98-CF22-156F-AE2DE4CD8CC9</generatorID>
<ownerDesignName>base</ownerDesignName>
<useDomainConstraints>false</useDomainConstraints>
<use>1</use>
<logicalDatatype>LOGDT024</logicalDatatype>
<ownDataTypeParameters>,,</ownDataTypeParameters>
<previousColumn>false</previousColumn>
<autoIncrementCycle>false</autoIncrementCycle>
</Column>
<Column name="INSTITUCION_SALUD_Cod_Institucion" id="F41B3631-ED07-C777-14EE-577B3C36C3DA">
<createdBy>angel</createdBy>
<createdTime>2025-09-16 02:39:41 UTC</createdTime>
<generatorID>E6C42AE8-6CBC-E4F3-8564-4A006276C012</generatorID>
<ownerDesignName>base</ownerDesignName>
<useDomainConstraints>false</useDomainConstraints>
<use>1</use>
<logicalDatatype>LOGDT019</logicalDatatype>
<dataTypePrecision>3</dataTypePrecision>
<ownDataTypeParameters>,,</ownDataTypeParameters>
<previousColumn>false</previousColumn>
<autoIncrementCycle>false</autoIncrementCycle>
<associations>
<colAssociation fkAssociation="9F4CA0B3-4622-5DAB-C98E-F056EE609F33" referredColumn="BE2FA403-6D47-2CBE-BBC8-738477E8A957"/>
</associations>
</Column>
<Column name="UNIDAD_ATENCION_Cod_Unidad" id="9C56177B-61D8-88C5-0395-14E1688786F0">
<createdBy>angel</createdBy>
<createdTime>2025-09-16 02:39:41 UTC</createdTime>
<generatorID>A7E47C12-E80A-0D5D-3B14-9D9A3B55B818</generatorID>
<ownerDesignName>base</ownerDesignName>
<useDomainConstraints>false</useDomainConstraints>
<use>1</use>
<logicalDatatype>LOGDT019</logicalDatatype>
<dataTypePrecision>2</dataTypePrecision>
<ownDataTypeParameters>,,</ownDataTypeParameters>
<previousColumn>false</previousColumn>
<autoIncrementCycle>false</autoIncrementCycle>
<associations>
<colAssociation fkAssociation="368AD853-BBDC-941E-5D80-D85E8B0506AB" referredColumn="87D2EE01-C33F-25C6-3DA5-9B5479C51B22"/>
</associations>
</Column>
</columns>
<indexes itemClass="oracle.dbtools.crest.model.design.relational.Index">
<ind_PK_UK id="C5DDA4C6-98CB-48B2-5D4D-CD7D43938AE8" name="MEDICO_PK">
<createdBy>angel</createdBy>
<createdTime>2025-09-16 01:31:50 UTC</createdTime>
<generatorID>5D326D14-B62A-9C65-D9FA-5248D244C715</generatorID>
<ownerDesignName>base</ownerDesignName>
<pk>true</pk>
<indexState>Primary Constraint</indexState>
<isSurrogateKey>false</isSurrogateKey>
<indexColumnUsage>
<colUsage columnID="9619AA3C-E282-C5FE-6FCE-C8F14C04DA8E"/>
</indexColumnUsage>
</ind_PK_UK>
<ind_PK_UK id="1ED21D87-D7F4-A829-DBD3-6CE40DE325BC" name="MEDICO_MEDICO_FK">
<createdBy>angel</createdBy>
<createdTime>2025-09-16 02:15:32 UTC</createdTime>
<generatorID>E8656BE2-4EC6-625E-7560-C7A6A1229626</generatorID>
<ownerDesignName>base</ownerDesignName>
<indexState>Foreign Key</indexState>
<isSurrogateKey>false</isSurrogateKey>
<indexColumnUsage>
<colUsage columnID="D7888B8A-BA19-3692-A1E3-50A955AB134A"/>
</indexColumnUsage>
</ind_PK_UK>
<ind_PK_UK id="7B5B5B30-2FAD-700A-4C64-F6BF2C74C206" name="MEDICO_ESPECIALIDAD_FK">
<createdBy>angel</createdBy>
<createdTime>2025-09-16 02:15:32 UTC</createdTime>
<generatorID>D5C67427-758E-D1FA-5280-120582C60032</generatorID>
<ownerDesignName>base</ownerDesignName>
<indexState>Foreign Key</indexState>
<isSurrogateKey>false</isSurrogateKey>
<indexColumnUsage>
<colUsage columnID="5C394766-CC2D-A666-0CF9-0A4A21F6F6DF"/>
</indexColumnUsage>
</ind_PK_UK>
<ind_PK_UK id="18C7CC5B-F6B9-0574-7E1B-A7CC5A5A888D" name="MEDICO_AFP_FK">
<createdBy>angel</createdBy>
<createdTime>2025-09-16 02:39:41 UTC</createdTime>
<generatorID>542B6C9D-A7C0-1412-C25A-2E8F1585CC7C</generatorID>
<ownerDesignName>base</ownerDesignName>
<indexState>Foreign Key</indexState>
<isSurrogateKey>false</isSurrogateKey>
</ind_PK_UK>
<ind_PK_UK id="E95250B2-4A77-06AD-2DF7-D99D3F7EC93D" name="MEDICO_INSTITUCION_SALUD_FK">
<createdBy>angel</createdBy>
<createdTime>2025-09-16 02:39:41 UTC</createdTime>
<generatorID>63DFBFFD-984E-DEDC-D001-4C0C375D1310</generatorID>
<ownerDesignName>base</ownerDesignName>
<indexState>Foreign Key</indexState>
<isSurrogateKey>false</isSurrogateKey>
<indexColumnUsage>
<colUsage columnID="F41B3631-ED07-C777-14EE-577B3C36C3DA"/>
</indexColumnUsage>
</ind_PK_UK>
<ind_PK_UK id="3E4726E2-53E1-8750-8639-3E3A07900F35" name="MEDICO_UNIDAD_ATENCION_FK">
<createdBy>angel</createdBy>
<createdTime>2025-09-16 02:39:41 UTC</createdTime>
<generatorID>D0FA9E22-D12D-4695-8160-9928A37B5689</generatorID>
<ownerDesignName>base</ownerDesignName>
<indexState>Foreign Key</indexState>
<isSurrogateKey>false</isSurrogateKey>
<indexColumnUsage>
<colUsage columnID="9C56177B-61D8-88C5-0395-14E1688786F0"/>
</indexColumnUsage>
</ind_PK_UK>
</indexes>
</Table>