<?xml version = '1.0' encoding = 'UTF-8'?>
<Table class="oracle.dbtools.crest.model.design.relational.Table" directorySegmentName="seg_0" id="83FC3C6D-7BE5-F1F8-43DD-B422989E78BA" name="INSTITUCION_SALUD">
<createdBy>angel</createdBy>
<createdTime>2025-09-16 01:31:50 UTC</createdTime>
<generatorID>0AC73EFD-733F-D8C1-841F-CB971C608807</generatorID>
<ownerDesignName>base</ownerDesignName>
<allowColumnReorder>false</allowColumnReorder>
<existDependencyGenerateInDDl>true</existDependencyGenerateInDDl>
<parsed>true</parsed>
<columns itemClass="oracle.dbtools.crest.model.design.relational.Column">
<Column name="Cod_Institucion" id="BE2FA403-6D47-2CBE-BBC8-738477E8A957">
<createdBy>angel</createdBy>
<createdTime>2025-09-16 01:31:50 UTC</createdTime>
<generatorID>A91A2881-7DA3-03D0-5735-CF10FB91230B</generatorID>
<ownerDesignName>base</ownerDesignName>
<useDomainConstraints>false</useDomainConstraints>
<use>1</use>
<logicalDatatype>LOGDT019</logicalDatatype>
<dataTypePrecision>3</dataTypePrecision>
<ownDataTypeParameters>,3,</ownDataTypeParameters>
<autoIncrementCycle>false</autoIncrementCycle>
</Column>
<Column name="Nombre_Institucion" id="180B2324-F773-DC53-904B-2BAE8885E851">
<createdBy>angel</createdBy>
<createdTime>2025-09-16 01:31:50 UTC</createdTime>
<generatorID>40B1CD3A-F95C-D9F7-8190-E6B295F7E26E</generatorID>
<ownerDesignName>base</ownerDesignName>
<useDomainConstraints>false</useDomainConstraints>
<use>1</use>
<logicalDatatype>LOGDT024</logicalDatatype>
<dataTypeSize>80</dataTypeSize>
<ownDataTypeParameters>80,,</ownDataTypeParameters>
<autoIncrementCycle>false</autoIncrementCycle>
</Column>
<Column name="Tipo" id="5CB2ED21-71BE-C428-B195-78606F3D603D">
<createdBy>angel</createdBy>
<createdTime>2025-09-16 01:31:50 UTC</createdTime>
<generatorID>A130BBBF-7B78-9A57-3B67-65DC285E41E1</generatorID>
<ownerDesignName>base</ownerDesignName>
<nullsAllowed>true</nullsAllowed>
<useDomainConstraints>false</useDomainConstraints>
<use>1</use>
<logicalDatatype>LOGDT024</logicalDatatype>
<dataTypeSize>10</dataTypeSize>
<ownDataTypeParameters>10,,</ownDataTypeParameters>
<autoIncrementCycle>false</autoIncrementCycle>
</Column>
<Column name="MEDICO_RUT" id="CFF759D2-1521-4DAA-0FEE-13DE2AEB2993">
<createdBy>angel</createdBy>
<createdTime>2025-09-16 01:31:50 UTC</createdTime>
<generatorID>F9EF879A-293D-2F4C-B755-D3FFAF935CB3</generatorID>
<ownerDesignName>base</ownerDesignName>
<useDomainConstraints>false</useDomainConstraints>
<use>1</use>
<logicalDatatype>LOGDT024</logicalDatatype>
<ownDataTypeParameters>,,</ownDataTypeParameters>
<previousColumn>false</previousColumn>
<autoIncrementCycle>false</autoIncrementCycle>
</Column>
</columns>
<indexes itemClass="oracle.dbtools.crest.model.design.relational.Index">
<ind_PK_UK id="E56EB210-3167-9E2A-E445-909841F7DF90" name="INSTITUCION_SALUD_PK">
<createdBy>angel</createdBy>
<createdTime>2025-09-16 01:31:50 UTC</createdTime>
<generatorID>C32F22F1-96C9-C3B3-E058-FEAEA13A71FE</generatorID>
<ownerDesignName>base</ownerDesignName>
<pk>true</pk>
<indexState>Primary Constraint</indexState>
<isSurrogateKey>false</isSurrogateKey>
<indexColumnUsage>
<colUsage columnID="BE2FA403-6D47-2CBE-BBC8-738477E8A957"/>
</indexColumnUsage>
</ind_PK_UK>
<ind_PK_UK id="0B153198-2447-A665-DA9A-3D33B7DA8700" name="INSTITUCION_SALUD__IDX">
<createdBy>angel</createdBy>
<createdTime>2025-09-16 01:31:50 UTC</createdTime>
<ownerDesignName>base</ownerDesignName>
<indexState>Unique Plain Index</indexState>
<isSurrogateKey>false</isSurrogateKey>
<relationGeneratorID>63DFBFFD-984E-DEDC-D001-4C0C375D1310</relationGeneratorID>
<indexColumnUsage>
<colUsage columnID="CFF759D2-1521-4DAA-0FEE-13DE2AEB2993"/>
</indexColumnUsage>
</ind_PK_UK>
</indexes>
</Table>