<?xml version = '1.0' encoding = 'UTF-8'?>
<Table class="oracle.dbtools.crest.model.design.relational.Table" directorySegmentName="seg_0" id="8BE177C4-A9F2-1E02-5E0B-672CD4B33BEB" name="UNIDAD_ATENCION">
<createdBy>angel</createdBy>
<createdTime>2025-09-16 01:31:50 UTC</createdTime>
<generatorID>10550C31-5C91-B5F6-2D18-246E31E898AD</generatorID>
<ownerDesignName>base</ownerDesignName>
<allowColumnReorder>false</allowColumnReorder>
<existDependencyGenerateInDDl>true</existDependencyGenerateInDDl>
<parsed>true</parsed>
<columns itemClass="oracle.dbtools.crest.model.design.relational.Column">
<Column name="Cod_Unidad" id="87D2EE01-C33F-25C6-3DA5-9B5479C51B22">
<createdBy>angel</createdBy>
<createdTime>2025-09-16 01:31:50 UTC</createdTime>
<generatorID>A88F0422-04CC-6F2E-6EC5-20EFD88CED6E</generatorID>
<ownerDesignName>base</ownerDesignName>
<useDomainConstraints>false</useDomainConstraints>
<use>1</use>
<logicalDatatype>LOGDT019</logicalDatatype>
<dataTypePrecision>2</dataTypePrecision>
<ownDataTypeParameters>,2,</ownDataTypeParameters>
<autoIncrementCycle>false</autoIncrementCycle>
</Column>
<Column name="Nombre_Unidad" id="7FF006BD-0C12-AC0D-5382-DF58CFE8119D">
<createdBy>angel</createdBy>
<createdTime>2025-09-16 01:31:50 UTC</createdTime>
<generatorID>12DBDD96-9B6E-410D-2DB4-E90A6CA526B6</generatorID>
<ownerDesignName>base</ownerDesignName>
<useDomainConstraints>false</useDomainConstraints>
<use>1</use>
<logicalDatatype>LOGDT024</logicalDatatype>
<dataTypeSize>40</dataTypeSize>
<ownDataTypeParameters>40,,</ownDataTypeParameters>
<autoIncrementCycle>false</autoIncrementCycle>
</Column>
<Column name="MEDICO_RUT" id="B0CDDB60-54F1-315E-B49A-3713DB2EA915">
<createdBy>angel</createdBy>
<createdTime>2025-09-16 01:31:50 UTC</createdTime>
<generatorID>6922212F-20B5-531A-6F63-F5446928C911</generatorID>
<ownerDesignName>base</ownerDesignName>
<useDomainConstraints>false</useDomainConstraints>
<use>1</use>
<logicalDatatype>LOGDT024</logicalDatatype>
<ownDataTypeParameters>,,</ownDataTypeParameters>
<previousColumn>false</previousColumn>
<autoIncrementCycle>false</autoIncrementCycle>
</Column>
</columns>
<indexes itemClass="oracle.dbtools.crest.model.design.relational.Index">
<ind_PK_UK id="0634DFD6-708B-6ED8-3F86-497682B7F1C1" name="UNIDAD_ATENCION_PK">
<createdBy>angel</createdBy>
<createdTime>2025-09-16 01:31:50 UTC</createdTime>
<generatorID>0577FF87-7548-C26E-12D1-244EC9E547BA</generatorID>
<ownerDesignName>base</ownerDesignName>
<pk>true</pk>
<indexState>Primary Constraint</indexState>
<isSurrogateKey>false</isSurrogateKey>
<indexColumnUsage>
<colUsage columnID="87D2EE01-C33F-25C6-3DA5-9B5479C51B22"/>
</indexColumnUsage>
</ind_PK_UK>
<ind_PK_UK id="69F18B0E-7942-C48F-8492-38CC938FD4C4" name="UNIDAD_ATENCION__IDX">
<createdBy>angel</createdBy>
<createdTime>2025-09-16 01:31:50 UTC</createdTime>
<ownerDesignName>base</ownerDesignName>
<indexState>Unique Plain Index</indexState>
<isSurrogateKey>false</isSurrogateKey>
<relationGeneratorID>D0FA9E22-D12D-4695-8160-9928A37B5689</relationGeneratorID>
<indexColumnUsage>
<colUsage columnID="B0CDDB60-54F1-315E-B49A-3713DB2EA915"/>
</indexColumnUsage>
</ind_PK_UK>
</indexes>
</Table>