<?xml version = '1.0' encoding = 'UTF-8'?>
<Table class="oracle.dbtools.crest.model.design.relational.Table" directorySegmentName="seg_0" id="8D97FA81-14BC-6A76-3976-AC9B25B73D2C" name="Relation_10">
<createdBy>angel</createdBy>
<createdTime>2025-09-16 01:31:50 UTC</createdTime>
<ownerDesignName>base</ownerDesignName>
<allowColumnReorder>false</allowColumnReorder>
<existDependencyGenerateInDDl>true</existDependencyGenerateInDDl>
<parsed>true</parsed>
<columns itemClass="oracle.dbtools.crest.model.design.relational.Column">
<Column name="MEDICO_RUT" id="A770E4C9-3A62-2063-CC7C-3FD4CF1D1C6E">
<createdBy>angel</createdBy>
<createdTime>2025-09-16 01:31:50 UTC</createdTime>
<ownerDesignName>base</ownerDesignName>
<useDomainConstraints>false</useDomainConstraints>
<use>1</use>
<logicalDatatype>LOGDT024</logicalDatatype>
<dataTypeSize>12</dataTypeSize>
<ownDataTypeParameters>,,</ownDataTypeParameters>
<previousColumn>false</previousColumn>
<autoIncrementCycle>false</autoIncrementCycle>
<associations>
<colAssociation fkAssociation="F04CB383-2103-DCD3-CA9C-104ED521DFBF" referredColumn="9619AA3C-E282-C5FE-6FCE-C8F14C04DA8E"/>
</associations>
</Column>
<Column name="MEDICO_RUT1" id="FC85845A-69BD-776F-1A1D-92A7CBFB67D3">
<createdBy>angel</createdBy>
<createdTime>2025-09-16 01:31:50 UTC</createdTime>
<ownerDesignName>base</ownerDesignName>
<useDomainConstraints>false</useDomainConstraints>
<use>1</use>
<logicalDatatype>LOGDT024</logicalDatatype>
<dataTypeSize>12</dataTypeSize>
<ownDataTypeParameters>,,</ownDataTypeParameters>
<previousColumn>false</previousColumn>
<autoIncrementCycle>false</autoIncrementCycle>
<associations>
<colAssociation fkAssociation="F0E2A68C-C641-6E92-FAC2-F5C32F83378D" referredColumn="9619AA3C-E282-C5FE-6FCE-C8F14C04DA8E"/>
</associations>
</Column>
</columns>
<indexes itemClass="oracle.dbtools.crest.model.design.relational.Index">
<ind_PK_UK id="9AED5C14-47D8-F996-9AB3-2B06FA68E646" name="Relation_10_PK">
<createdBy>angel</createdBy>
<createdTime>2025-09-16 01:31:50 UTC</createdTime>
<ownerDesignName>base</ownerDesignName>
<pk>true</pk>
<indexState>Primary Constraint</indexState>
<isSurrogateKey>false</isSurrogateKey>
<indexColumnUsage>
<colUsage columnID="A770E4C9-3A62-2063-CC7C-3FD4CF1D1C6E"/>
<colUsage columnID="FC85845A-69BD-776F-1A1D-92A7CBFB67D3"/>
</indexColumnUsage>
</ind_PK_UK>
<ind_PK_UK id="466AC39B-0693-EEAB-6366-453B412180C8" name="Relation_10_MEDICO_FK">
<createdBy>angel</createdBy>
<createdTime>2025-09-16 01:31:50 UTC</createdTime>
<generatorID>283D05B0-BA55-9234-623A-6548ED637211</generatorID>
<ownerDesignName>base</ownerDesignName>
<indexState>Foreign Key</indexState>
<isSurrogateKey>false</isSurrogateKey>
<indexColumnUsage>
<colUsage columnID="A770E4C9-3A62-2063-CC7C-3FD4CF1D1C6E"/>
</indexColumnUsage>
</ind_PK_UK>
<ind_PK_UK id="98BF5E8A-188A-3E6C-865D-AC61AEA68604" name="Relation_10_MEDICO_FKv1">
<createdBy>angel</createdBy>
<createdTime>2025-09-16 01:31:50 UTC</createdTime>
<generatorID>283D05B0-BA55-9234-623A-6548ED637211</generatorID>
<ownerDesignName>base</ownerDesignName>
<indexState>Foreign Key</indexState>
<isSurrogateKey>false</isSurrogateKey>
<indexColumnUsage>
<colUsage columnID="FC85845A-69BD-776F-1A1D-92A7CBFB67D3"/>
</indexColumnUsage>
</ind_PK_UK>
</indexes>
</Table>