<?xml version = '1.0' encoding = 'UTF-8'?>
<Table class="oracle.dbtools.crest.model.design.relational.Table" directorySegmentName="seg_0" id="A74B06DC-AF9E-B833-B9C7-A6EEEE1842FF" name="AFP">
<createdBy>angel</createdBy>
<createdTime>2025-09-16 01:31:50 UTC</createdTime>
<generatorID>9E18F09D-BA81-ECB9-F127-B08FF602C7C3</generatorID>
<ownerDesignName>base</ownerDesignName>
<allowColumnReorder>false</allowColumnReorder>
<existDependencyGenerateInDDl>true</existDependencyGenerateInDDl>
<parsed>true</parsed>
<columns itemClass="oracle.dbtools.crest.model.design.relational.Column">
<Column name="Cod_AFP" id="7E8847E6-7584-5F92-3706-663BEFCAC51E">
<createdBy>angel</createdBy>
<createdTime>2025-09-16 01:31:50 UTC</createdTime>
<generatorID>51915276-2381-FA37-65AF-A6F7BFBB10BC</generatorID>
<ownerDesignName>base</ownerDesignName>
<useDomainConstraints>false</useDomainConstraints>
<use>1</use>
<logicalDatatype>LOGDT019</logicalDatatype>
<dataTypePrecision>3</dataTypePrecision>
<ownDataTypeParameters>,3,</ownDataTypeParameters>
<autoIncrementCycle>false</autoIncrementCycle>
</Column>
<Column name="Nombre_AFP" id="2CD6FEA3-CC97-1489-D59C-D4B6D2F7A204">
<createdBy>angel</createdBy>
<createdTime>2025-09-16 01:31:50 UTC</createdTime>
<generatorID>34E40876-CED7-1D07-3DE0-2E056C3D2825</generatorID>
<ownerDesignName>base</ownerDesignName>
<useDomainConstraints>false</useDomainConstraints>
<use>1</use>
<logicalDatatype>LOGDT024</logicalDatatype>
<dataTypeSize>60</dataTypeSize>
<ownDataTypeParameters>60,,</ownDataTypeParameters>
<autoIncrementCycle>false</autoIncrementCycle>
</Column>
<Column name="MEDICO_RUT" id="1EC36DC7-ECC0-FE13-12A4-6D2DBCCCBAFF">
<createdBy>angel</createdBy>
<createdTime>2025-09-16 01:31:50 UTC</createdTime>
<generatorID>17621112-00D3-7A8C-8EAA-FBB4201B152F</generatorID>
<ownerDesignName>base</ownerDesignName>
<useDomainConstraints>false</useDomainConstraints>
<use>1</use>
<logicalDatatype>LOGDT024</logicalDatatype>
<ownDataTypeParameters>,,</ownDataTypeParameters>
<previousColumn>false</previousColumn>
<autoIncrementCycle>false</autoIncrementCycle>
</Column>
</columns>
<indexes itemClass="oracle.dbtools.crest.model.design.relational.Index">
<ind_PK_UK id="3A9749D8-F095-428E-B6E7-0BD5011CDB46" name="AFP_PK">
<createdBy>angel</createdBy>
<createdTime>2025-09-16 01:31:50 UTC</createdTime>
<generatorID>B580282B-23E2-1CC3-478A-D5FB485B8FF6</generatorID>
<ownerDesignName>base</ownerDesignName>
<pk>true</pk>
<indexState>Primary Constraint</indexState>
<isSurrogateKey>false</isSurrogateKey>
<indexColumnUsage>
<colUsage columnID="7E8847E6-7584-5F92-3706-663BEFCAC51E"/>
</indexColumnUsage>
</ind_PK_UK>
<ind_PK_UK id="F30C0716-FE93-5DFA-A585-76F913E0A5F9" name="AFP__IDX">
<createdBy>angel</createdBy>
<createdTime>2025-09-16 01:31:50 UTC</createdTime>
<ownerDesignName>base</ownerDesignName>
<indexState>Unique Plain Index</indexState>
<isSurrogateKey>false</isSurrogateKey>
<relationGeneratorID>542B6C9D-A7C0-1412-C25A-2E8F1585CC7C</relationGeneratorID>
<indexColumnUsage>
<colUsage columnID="1EC36DC7-ECC0-FE13-12A4-6D2DBCCCBAFF"/>
</indexColumnUsage>
</ind_PK_UK>
</indexes>
</Table>