<?xml version = '1.0' encoding = 'UTF-8'?>
<Table class="oracle.dbtools.crest.model.design.relational.Table" directorySegmentName="seg_0" id="B9F6E0D2-2299-65BB-BB31-81B612343413" name="ATENCION_MEDICA">
<createdBy>angel</createdBy>
<createdTime>2025-09-16 01:31:50 UTC</createdTime>
<generatorID>83C4C783-9859-51A4-90A6-48C5E2E93FA8</generatorID>
<ownerDesignName>base</ownerDesignName>
<allowColumnReorder>false</allowColumnReorder>
<existDependencyGenerateInDDl>true</existDependencyGenerateInDDl>
<parsed>true</parsed>
<columns itemClass="oracle.dbtools.crest.model.design.relational.Column">
<Column name="Id_Atencion" id="2E984C90-E5AC-CDD9-73EC-E0104A702F79">
<createdBy>angel</createdBy>
<createdTime>2025-09-16 01:31:50 UTC</createdTime>
<generatorID>3D40595A-4124-58A0-F095-14C45FBC34A4</generatorID>
<ownerDesignName>base</ownerDesignName>
<useDomainConstraints>false</useDomainConstraints>
<use>1</use>
<logicalDatatype>LOGDT019</logicalDatatype>
<dataTypePrecision>10</dataTypePrecision>
<ownDataTypeParameters>,10,</ownDataTypeParameters>
<autoIncrementCycle>false</autoIncrementCycle>
</Column>
<Column name="Fecha_Hora" id="A6058A18-6FBF-A074-55B0-40E32518B361">
<createdBy>angel</createdBy>
<createdTime>2025-09-16 01:31:50 UTC</createdTime>
<generatorID>3907F711-A3A9-CBFA-A185-090403667CD8</generatorID>
<ownerDesignName>base</ownerDesignName>
<useDomainConstraints>false</useDomainConstraints>
<use>1</use>
<logicalDatatype>LOGDT007</logicalDatatype>
<ownDataTypeParameters>,,</ownDataTypeParameters>
<autoIncrementCycle>false</autoIncrementCycle>
</Column>
<Column name="Tipo_Atencion" id="22FBB2FA-F269-F6C1-FA44-0A3D24FD5CF1">
<createdBy>angel</createdBy>
<createdTime>2025-09-16 01:31:50 UTC</createdTime>
<generatorID>6B49CC14-CEF5-C632-4BFB-4E5215B5BF63</generatorID>
<ownerDesignName>base</ownerDesignName>
<useDomainConstraints>false</useDomainConstraints>
<use>1</use>
<logicalDatatype>LOGDT024</logicalDatatype>
<dataTypeSize>12</dataTypeSize>
<ownDataTypeParameters>12,,</ownDataTypeParameters>
<autoIncrementCycle>false</autoIncrementCycle>
</Column>
<Column name="Diagnostico" id="E989274C-0B31-629A-D915-56F5187FDC2A">
<createdBy>angel</createdBy>
<createdTime>2025-09-16 01:31:50 UTC</createdTime>
<generatorID>3E3CBF29-9058-2808-E2CC-720F5FB0280E</generatorID>
<ownerDesignName>base</ownerDesignName>
<useDomainConstraints>false</useDomainConstraints>
<use>1</use>
<logicalDatatype>LOGDT024</logicalDatatype>
<dataTypeSize>250</dataTypeSize>
<ownDataTypeParameters>250,,</ownDataTypeParameters>
<autoIncrementCycle>false</autoIncrementCycle>
</Column>
<Column name="Rut_Paciente" id="E8654DCB-C360-FEAA-D456-999251B0AFC9">
<createdBy>angel</createdBy>
<createdTime>2025-09-16 01:31:50 UTC</createdTime>
<generatorID>34D2DCE2-488E-A4D8-8743-98DF3D247923</generatorID>
<ownerDesignName>base</ownerDesignName>
<useDomainConstraints>false</useDomainConstraints>
<use>1</use>
<logicalDatatype>LOGDT024</logicalDatatype>
<dataTypeSize>12</dataTypeSize>
<ownDataTypeParameters>12,,</ownDataTypeParameters>
<autoIncrementCycle>false</autoIncrementCycle>
</Column>
<Column name="Rut_Medico" id="70A17955-21AF-888D-D5E3-A0F9DA15F9E3">
<createdBy>angel</createdBy>
<createdTime>2025-09-16 01:31:50 UTC</createdTime>
<generatorID>D0686609-C4C9-C6CB-F4D6-3877129EB885</generatorID>
<ownerDesignName>base</ownerDesignName>
<useDomainConstraints>false</useDomainConstraints>
<use>1</use>
<logicalDatatype>LOGDT024</logicalDatatype>
<dataTypeSize>12</dataTypeSize>
<ownDataTypeParameters>12,,</ownDataTypeParameters>
<autoIncrementCycle>false</autoIncrementCycle>
</Column>
<Column name="PACIENTE_RUT" id="6D637656-B70E-5E9F-7EE0-E993CBA2CC85">
<createdBy>angel</createdBy>
<createdTime>2025-09-16 01:31:50 UTC</createdTime>
<generatorID>AD0248CA-4B08-84A8-D875-E1CB1A23F8F0</generatorID>
<ownerDesignName>base</ownerDesignName>
<useDomainConstraints>false</useDomainConstraints>
<use>1</use>
<logicalDatatype>LOGDT024</logicalDatatype>
<dataTypeSize>12</dataTypeSize>
<ownDataTypeParameters>,,</ownDataTypeParameters>
<previousColumn>false</previousColumn>
<autoIncrementCycle>false</autoIncrementCycle>
<associations>
<colAssociation fkAssociation="BFA19576-8D10-368A-145A-0E1543AD6999" referredColumn="FBCD754E-3C8F-5499-4A47-D6F4A29F3A75"/>
</associations>
</Column>
<Column name="MEDICO_RUT" id="C6BE4821-DAD4-9107-81A1-8B3AB4953039">
<createdBy>angel</createdBy>
<createdTime>2025-09-16 01:31:50 UTC</createdTime>
<generatorID>64BE727E-4653-FFE6-7B96-7542DEE52982</generatorID>
<ownerDesignName>base</ownerDesignName>
<useDomainConstraints>false</useDomainConstraints>
<use>1</use>
<logicalDatatype>LOGDT024</logicalDatatype>
<dataTypeSize>12</dataTypeSize>
<ownDataTypeParameters>,,</ownDataTypeParameters>
<previousColumn>false</previousColumn>
<autoIncrementCycle>false</autoIncrementCycle>
<associations>
<colAssociation fkAssociation="CC8D2F4F-19C4-3656-0BFC-E42790ABDA0E" referredColumn="9619AA3C-E282-C5FE-6FCE-C8F14C04DA8E"/>
</associations>
</Column>
<Column name="PAGO_ATENCION_Id_Pago" id="E56A3D68-A691-CA2E-1B73-98481BEAF253">
<createdBy>angel</createdBy>
<createdTime>2025-09-16 02:15:32 UTC</createdTime>
<generatorID>22173457-CCED-57A7-2C1B-00E81E218A22</generatorID>
<ownerDesignName>base</ownerDesignName>
<useDomainConstraints>false</useDomainConstraints>
<use>1</use>
<logicalDatatype>LOGDT019</logicalDatatype>
<dataTypePrecision>10</dataTypePrecision>
<ownDataTypeParameters>,,</ownDataTypeParameters>
<previousColumn>false</previousColumn>
<autoIncrementCycle>false</autoIncrementCycle>
<associations>
<colAssociation fkAssociation="A9802F1C-F97C-89E8-067D-38E9016B8ECE" referredColumn="97580458-0ADB-AEA6-DBCF-2D3E3D0454A4"/>
</associations>
</Column>
<Column name="PAGO_ATENCION_Id_Pago2" id="4D4618B7-2A2F-E716-2E06-0115981A9CD8">
<createdBy>angel</createdBy>
<createdTime>2025-09-16 02:39:41 UTC</createdTime>
<generatorID>E8D371C1-FA49-322C-0BF1-0B00CF8DF7EF</generatorID>
<ownerDesignName>base</ownerDesignName>
<useDomainConstraints>false</useDomainConstraints>
<use>1</use>
<logicalDatatype>LOGDT019</logicalDatatype>
<dataTypePrecision>10</dataTypePrecision>
<ownDataTypeParameters>,,</ownDataTypeParameters>
<previousColumn>false</previousColumn>
<autoIncrementCycle>false</autoIncrementCycle>
<associations>
<colAssociation fkAssociation="82DC92A1-D94E-5873-0F46-3CC65FC1EB13" referredColumn="97580458-0ADB-AEA6-DBCF-2D3E3D0454A4"/>
</associations>
</Column>
</columns>
<indexes itemClass="oracle.dbtools.crest.model.design.relational.Index">
<ind_PK_UK id="660E0AFC-9302-D6E2-EAC9-652497C3867A" name="ATENCION_MEDICA_PK">
<createdBy>angel</createdBy>
<createdTime>2025-09-16 01:31:50 UTC</createdTime>
<generatorID>FF6E7CCB-C807-23BD-0375-20FE182D1823</generatorID>
<ownerDesignName>base</ownerDesignName>
<pk>true</pk>
<indexState>Primary Constraint</indexState>
<isSurrogateKey>false</isSurrogateKey>
<indexColumnUsage>
<colUsage columnID="2E984C90-E5AC-CDD9-73EC-E0104A702F79"/>
</indexColumnUsage>
</ind_PK_UK>
<ind_PK_UK id="8727785D-525E-7333-932A-1C087CD1A85D" name="ATENCION_MEDICA__IDX">
<createdBy>angel</createdBy>
<createdTime>2025-09-16 02:15:32 UTC</createdTime>
<ownerDesignName>base</ownerDesignName>
<indexState>Unique Plain Index</indexState>
<isSurrogateKey>false</isSurrogateKey>
<relationGeneratorID>AA196FC6-C0B4-0830-B816-24A76ABDFD56</relationGeneratorID>
<indexColumnUsage>
<colUsage columnID="E56A3D68-A691-CA2E-1B73-98481BEAF253"/>
</indexColumnUsage>
</ind_PK_UK>
<ind_PK_UK id="A25F02F2-84BE-AD56-2706-F3CD66371F38" name="ATENCION_MEDICA__IDXv1">
<createdBy>angel</createdBy>
<createdTime>2025-09-16 02:39:41 UTC</createdTime>
<ownerDesignName>base</ownerDesignName>
<indexState>Unique Plain Index</indexState>
<isSurrogateKey>false</isSurrogateKey>
<relationGeneratorID>48BCA9B3-612E-6EBF-C038-F7B9C60BB2FB</relationGeneratorID>
<indexColumnUsage>
<colUsage columnID="4D4618B7-2A2F-E716-2E06-0115981A9CD8"/>
</indexColumnUsage>
</ind_PK_UK>
<ind_PK_UK id="FD029555-DABD-888C-25E0-FE7E95DE9077" name="ATENCION_MEDICA_PACIENTE_FK">
<createdBy>angel</createdBy>
<createdTime>2025-09-16 01:31:50 UTC</createdTime>
<generatorID>3D21601A-DE9B-4CA4-E0E1-B597834C2BF2</generatorID>
<ownerDesignName>base</ownerDesignName>
<indexState>Foreign Key</indexState>
<isSurrogateKey>false</isSurrogateKey>
<indexColumnUsage>
<colUsage columnID="6D637656-B70E-5E9F-7EE0-E993CBA2CC85"/>
</indexColumnUsage>
</ind_PK_UK>
<ind_PK_UK id="27B68FA6-AD61-A19B-CD15-FFEC1EE222C4" name="ATENCION_MEDICA_MEDICO_FK">
<createdBy>angel</createdBy>
<createdTime>2025-09-16 01:31:50 UTC</createdTime>
<generatorID>6602531E-3697-9A04-99DA-AA975B6A8B18</generatorID>
<ownerDesignName>base</ownerDesignName>
<indexState>Foreign Key</indexState>
<isSurrogateKey>false</isSurrogateKey>
<indexColumnUsage>
<colUsage columnID="C6BE4821-DAD4-9107-81A1-8B3AB4953039"/>
</indexColumnUsage>
</ind_PK_UK>
<ind_PK_UK id="9ABD4F4E-3C01-25E7-8794-B094F70AB759" name="ATENCION_MEDICA_PAGO_ATENCION_FK">
<createdBy>angel</createdBy>
<createdTime>2025-09-16 02:15:32 UTC</createdTime>
<generatorID>AA196FC6-C0B4-0830-B816-24A76ABDFD56</generatorID>
<ownerDesignName>base</ownerDesignName>
<indexState>Foreign Key</indexState>
<isSurrogateKey>false</isSurrogateKey>
<indexColumnUsage>
<colUsage columnID="E56A3D68-A691-CA2E-1B73-98481BEAF253"/>
</indexColumnUsage>
</ind_PK_UK>
<ind_PK_UK id="775807E0-9F8D-895C-C461-3F4B974C2763" name="ATENCION_MEDICA_PAGO_ATENCION_FKv2">
<createdBy>angel</createdBy>
<createdTime>2025-09-16 02:39:41 UTC</createdTime>
<generatorID>48BCA9B3-612E-6EBF-C038-F7B9C60BB2FB</generatorID>
<ownerDesignName>base</ownerDesignName>
<indexState>Foreign Key</indexState>
<isSurrogateKey>false</isSurrogateKey>
<indexColumnUsage>
<colUsage columnID="4D4618B7-2A2F-E716-2E06-0115981A9CD8"/>
</indexColumnUsage>
</ind_PK_UK>
</indexes>
</Table>