<?xml version = '1.0' encoding = 'UTF-8'?>
<Table class="oracle.dbtools.crest.model.design.relational.Table" directorySegmentName="seg_0" id="D69658E3-E51A-8A94-6814-A61F3DB8FEA9" name="ESPECIALIDAD">
<createdBy>angel</createdBy>
<createdTime>2025-09-16 01:31:50 UTC</createdTime>
<generatorID>2EBAAB2C-8A30-B3D5-2172-572B7510BEDA</generatorID>
<ownerDesignName>base</ownerDesignName>
<allowColumnReorder>false</allowColumnReorder>
<existDependencyGenerateInDDl>true</existDependencyGenerateInDDl>
<parsed>true</parsed>
<columns itemClass="oracle.dbtools.crest.model.design.relational.Column">
<Column name="Cod_Especialidad" id="DFFA6441-68E4-C0E7-2987-291CE98C2669">
<createdBy>angel</createdBy>
<createdTime>2025-09-16 01:31:50 UTC</createdTime>
<generatorID>26A0350D-E726-1F25-6A0A-01ADFA091BC7</generatorID>
<ownerDesignName>base</ownerDesignName>
<useDomainConstraints>false</useDomainConstraints>
<use>1</use>
<logicalDatatype>LOGDT019</logicalDatatype>
<dataTypePrecision>4</dataTypePrecision>
<ownDataTypeParameters>,4,</ownDataTypeParameters>
<autoIncrementCycle>false</autoIncrementCycle>
</Column>
<Column name="Nombre_Especialidad" id="0F87BFB0-CC6C-187E-D192-0A42D711D0E7">
<createdBy>angel</createdBy>
<createdTime>2025-09-16 01:31:50 UTC</createdTime>
<generatorID>FCF8CC3A-A080-21BD-E605-5A484F59468C</generatorID>
<ownerDesignName>base</ownerDesignName>
<useDomainConstraints>false</useDomainConstraints>
<use>1</use>
<logicalDatatype>LOGDT024</logicalDatatype>
<dataTypeSize>60</dataTypeSize>
<ownDataTypeParameters>60,,</ownDataTypeParameters>
<autoIncrementCycle>false</autoIncrementCycle>
</Column>
<Column name="MEDICO_RUT" id="86EA3867-B380-2D5E-1E41-3C34B325EA02">
<createdBy>angel</createdBy>
<createdTime>2025-09-16 01:31:50 UTC</createdTime>
<generatorID>8BAF7290-F92F-A759-021D-0A3FB881546C</generatorID>
<ownerDesignName>base</ownerDesignName>
<useDomainConstraints>false</useDomainConstraints>
<use>1</use>
<logicalDatatype>LOGDT024</logicalDatatype>
<ownDataTypeParameters>,,</ownDataTypeParameters>
<previousColumn>false</previousColumn>
<autoIncrementCycle>false</autoIncrementCycle>
</Column>
</columns>
<indexes itemClass="oracle.dbtools.crest.model.design.relational.Index">
<ind_PK_UK id="3A614BFE-D553-408D-3A0F-8FC97C4CD8F1" name="ESPECIALIDAD_PK">
<createdBy>angel</createdBy>
<createdTime>2025-09-16 01:31:50 UTC</createdTime>
<generatorID>3AD7ED8A-E232-CA75-1D68-FD69545A88E0</generatorID>
<ownerDesignName>base</ownerDesignName>
<pk>true</pk>
<indexState>Primary Constraint</indexState>
<isSurrogateKey>false</isSurrogateKey>
<indexColumnUsage>
<colUsage columnID="DFFA6441-68E4-C0E7-2987-291CE98C2669"/>
</indexColumnUsage>
</ind_PK_UK>
<ind_PK_UK id="E2035E81-C24A-D99F-BBEB-16DF654D350D" name="ESPECIALIDAD__IDX">
<createdBy>angel</createdBy>
<createdTime>2025-09-16 01:31:50 UTC</createdTime>
<ownerDesignName>base</ownerDesignName>
<indexState>Unique Plain Index</indexState>
<isSurrogateKey>false</isSurrogateKey>
<relationGeneratorID>D5C67427-758E-D1FA-5280-120582C60032</relationGeneratorID>
<indexColumnUsage>
<colUsage columnID="86EA3867-B380-2D5E-1E41-3C34B325EA02"/>
</indexColumnUsage>
</ind_PK_UK>
</indexes>
</Table>